num_of_rooms,city,year,quarter,district,num_of_transactions,avg_price
1-2,Jerusalem,2019,1,Jerusalem,107,1137.1
2.5-3,Jerusalem,2019,1,Jerusalem,394,1690.2
3.5-4,Jerusalem,2019,1,Jerusalem,402,2048
4.5-5,Jerusalem,2019,1,Jerusalem,184,2661.8
5.5-6,Jerusalem,2019,1,Jerusalem,37,3246.8
1-2,Jerusalem,2019,2,Jerusalem,107,1137.1
2.5-3,Jerusalem,2019,2,Jerusalem,394,1690.2
3.5-4,Jerusalem,2019,2,Jerusalem,402,2048
4.5-5,Jerusalem,2019,2,Jerusalem,184,2661.8
5.5-6,Jerusalem,2019,2,Jerusalem,37,3246.8
1-2,Jerusalem,2019,3,Jerusalem,105,1367.7
2.5-3,Jerusalem,2019,3,Jerusalem,446,1649.6
3.5-4,Jerusalem,2019,3,Jerusalem,399,2162
4.5-5,Jerusalem,2019,3,Jerusalem,171,2831.2
5.5-6,Jerusalem,2019,3,Jerusalem,37,3453.7
1-2,Jerusalem,2019,4,Jerusalem,97,1329.2
2.5-3,Jerusalem,2019,4,Jerusalem,365,1669.8
3.5-4,Jerusalem,2019,4,Jerusalem,374,2187.2
4.5-5,Jerusalem,2019,4,Jerusalem,133,2835.2
5.5-6,Jerusalem,2019,4,Jerusalem,24,3355.8
1-2,Jerusalem,2020,1,Jerusalem,106,1334.8
2.5-3,Jerusalem,2020,1,Jerusalem,347,1791.6
3.5-4,Jerusalem,2020,1,Jerusalem,349,2289.4
4.5-5,Jerusalem,2020,1,Jerusalem,156,2761.9
5.5-6,Jerusalem,2020,1,Jerusalem,38,3668.8
1-2,Jerusalem,2020,2,Jerusalem,70,1329.8
2.5-3,Jerusalem,2020,2,Jerusalem,220,1739.9
3.5-4,Jerusalem,2020,2,Jerusalem,239,2202.2
4.5-5,Jerusalem,2020,2,Jerusalem,121,2745.8
5.5-6,Jerusalem,2020,2,Jerusalem,27,3883
1-2,Jerusalem,2020,3,Jerusalem,65,1508
2.5-3,Jerusalem,2020,3,Jerusalem,253,1706.2
3.5-4,Jerusalem,2020,3,Jerusalem,297,2097.9
4.5-5,Jerusalem,2020,3,Jerusalem,130,2736.5
5.5-6,Jerusalem,2020,3,Jerusalem,18,3553.5
1-2,Jerusalem,2020,4,Jerusalem,83,1522.5
2.5-3,Jerusalem,2020,4,Jerusalem,267,1711.2
3.5-4,Jerusalem,2020,4,Jerusalem,270,2353.2
4.5-5,Jerusalem,2020,4,Jerusalem,140,2901.8
5.5-6,Jerusalem,2020,4,Jerusalem,33,3520.2
1-2,Jerusalem,2021,1,Jerusalem,127,1434.7
2.5-3,Jerusalem,2021,1,Jerusalem,430,1785.9
3.5-4,Jerusalem,2021,1,Jerusalem,451,2236.5
4.5-5,Jerusalem,2021,1,Jerusalem,176,2982.4
5.5-6,Jerusalem,2021,1,Jerusalem,31,3819.3
1-2,Jerusalem,2021,2,Jerusalem,134,1450
2.5-3,Jerusalem,2021,2,Jerusalem,409,1707.6
3.5-4,Jerusalem,2021,2,Jerusalem,434,2295.1
4.5-5,Jerusalem,2021,2,Jerusalem,159,2989.4
5.5-6,Jerusalem,2021,2,Jerusalem,38,3632.4
1-2,Jerusalem,2021,3,Jerusalem,115,1473.2
2.5-3,Jerusalem,2021,3,Jerusalem,434,1807.8
3.5-4,Jerusalem,2021,3,Jerusalem,354,2429.3
4.5-5,Jerusalem,2021,3,Jerusalem,153,3003.1
5.5-6,Jerusalem,2021,3,Jerusalem,27,3666
1-2,Jerusalem,2021,4,Jerusalem,177,1469.2
2.5-3,Jerusalem,2021,4,Jerusalem,593,1902
3.5-4,Jerusalem,2021,4,Jerusalem,491,2539.8
4.5-5,Jerusalem,2021,4,Jerusalem,234,3163.8
5.5-6,Jerusalem,2021,4,Jerusalem,39,3836.8
1-2,Jerusalem,2022,1,Jerusalem,138,1570.2
2.5-3,Jerusalem,2022,1,Jerusalem,500,1963.1
3.5-4,Jerusalem,2022,1,Jerusalem,470,2595
4.5-5,Jerusalem,2022,1,Jerusalem,230,3180.1
5.5-6,Jerusalem,2022,1,Jerusalem,49,3546.4
1-2,Jerusalem,2022,2,Jerusalem,133,1840.4
2.5-3,Jerusalem,2022,2,Jerusalem,396,2189.8
3.5-4,Jerusalem,2022,2,Jerusalem,404,2924.3
4.5-5,Jerusalem,2022,2,Jerusalem,180,3525.4
5.5-6,Jerusalem,2022,2,Jerusalem,46,4288.4
1-2,Jerusalem,2022,3,Jerusalem,136,1718.5
2.5-3,Jerusalem,2022,3,Jerusalem,471,2083.4
3.5-4,Jerusalem,2022,3,Jerusalem,469,2776.5
4.5-5,Jerusalem,2022,3,Jerusalem,224,3391.2
5.5-6,Jerusalem,2022,3,Jerusalem,23,4239.9
1-2,Jerusalem,2022,4,Jerusalem,163,1890.2
2.5-3,Jerusalem,2022,4,Jerusalem,312,2312.6
3.5-4,Jerusalem,2022,4,Jerusalem,330,3023.9
4.5-5,Jerusalem,2022,4,Jerusalem,153,3567.2
5.5-6,Jerusalem,2022,4,Jerusalem,49,6537.6
1-2,Jerusalem,2023,1,Jerusalem,124,1815.3
2.5-3,Jerusalem,2023,1,Jerusalem,322,2335.1
3.5-4,Jerusalem,2023,1,Jerusalem,310,3081.1
4.5-5,Jerusalem,2023,1,Jerusalem,131,3676.9
5.5-6,Jerusalem,2023,1,Jerusalem,29,4849.5
1-2,Jerusalem,2023,2,Jerusalem,87,1739.7
2.5-3,Jerusalem,2023,2,Jerusalem,270,2284.6
3.5-4,Jerusalem,2023,2,Jerusalem,247,3043.7
4.5-5,Jerusalem,2023,2,Jerusalem,163,3613.1
5.5-6,Jerusalem,2023,2,Jerusalem,34,5395.2
1-2,Jerusalem,2023,3,Jerusalem,116,1898.9
2.5-3,Jerusalem,2023,3,Jerusalem,304,2201.8
3.5-4,Jerusalem,2023,3,Jerusalem,243,2953.2
4.5-5,Jerusalem,2023,3,Jerusalem,144,3918.6
5.5-6,Jerusalem,2023,3,Jerusalem,27,4901.9
1-2,Jerusalem,2023,4,Jerusalem,134,2382.1
2.5-3,Jerusalem,2023,4,Jerusalem,201,2336.4
3.5-4,Jerusalem,2023,4,Jerusalem,209,3094.7
4.5-5,Jerusalem,2023,4,Jerusalem,115,3848.7
5.5-6,Jerusalem,2023,4,Jerusalem,8,5613.5
1-2,Ashdod,2019,1,South,40,854.6
2.5-3,Ashdod,2019,1,South,178,1188.4
3.5-4,Ashdod,2019,1,South,217,1526.8
4.5-5,Ashdod,2019,1,South,110,2056.5
5.5-6,Ashdod,2019,1,South,11,2534.3
1-2,Ashdod,2019,2,South,38,900.9
2.5-3,Ashdod,2019,2,South,189,1226.9
3.5-4,Ashdod,2019,2,South,208,1576.7
4.5-5,Ashdod,2019,2,South,124,1996.1
5.5-6,Ashdod,2019,2,South,10,2290.6
1-2,Ashdod,2019,3,South,42,922.6
2.5-3,Ashdod,2019,3,South,161,1226.6
3.5-4,Ashdod,2019,3,South,241,1583.5
4.5-5,Ashdod,2019,3,South,108,2066.9
5.5-6,Ashdod,2019,3,South,16,2231.9
1-2,Ashdod,2019,4,South,49,890.8
2.5-3,Ashdod,2019,4,South,161,1233.8
3.5-4,Ashdod,2019,4,South,209,1564.9
4.5-5,Ashdod,2019,4,South,111,1992.8
5.5-6,Ashdod,2019,4,South,9,2077.8
1-2,Ashdod,2020,1,South,26,897
2.5-3,Ashdod,2020,1,South,155,1229.3
3.5-4,Ashdod,2020,1,South,229,1564.3
4.5-5,Ashdod,2020,1,South,111,2043
5.5-6,Ashdod,2020,1,South,21,2235
1-2,Ashdod,2020,2,South,31,863.3
2.5-3,Ashdod,2020,2,South,117,1255.4
3.5-4,Ashdod,2020,2,South,157,1624.7
4.5-5,Ashdod,2020,2,South,94,1950.6
5.5-6,Ashdod,2020,2,South,8,1688.7
1-2,Ashdod,2020,3,South,35,981.6
2.5-3,Ashdod,2020,3,South,168,1246.9
3.5-4,Ashdod,2020,3,South,273,1673.9
4.5-5,Ashdod,2020,3,South,146,2104.2
5.5-6,Ashdod,2020,3,South,20,2363
1-2,Ashdod,2020,4,South,24,947.1
2.5-3,Ashdod,2020,4,South,154,1276.3
3.5-4,Ashdod,2020,4,South,216,1655.6
4.5-5,Ashdod,2020,4,South,109,2234.4
5.5-6,Ashdod,2020,4,South,12,2370
1-2,Ashdod,2021,1,South,39,964.2
2.5-3,Ashdod,2021,1,South,193,1293.3
3.5-4,Ashdod,2021,1,South,245,1657.7
4.5-5,Ashdod,2021,1,South,150,2087.9
5.5-6,Ashdod,2021,1,South,11,2128.6
1-2,Ashdod,2021,2,South,63,921.9
2.5-3,Ashdod,2021,2,South,198,1321.4
3.5-4,Ashdod,2021,2,South,233,1679.4
4.5-5,Ashdod,2021,2,South,135,2213
5.5-6,Ashdod,2021,2,South,17,2669.1
1-2,Ashdod,2021,3,South,38,1018.8
2.5-3,Ashdod,2021,3,South,179,1354.7
3.5-4,Ashdod,2021,3,South,220,1753.4
4.5-5,Ashdod,2021,3,South,103,2291.8
5.5-6,Ashdod,2021,3,South,10,2768.3
1-2,Ashdod,2021,4,South,54,1045.3
2.5-3,Ashdod,2021,4,South,230,1366.1
3.5-4,Ashdod,2021,4,South,292,1691.4
4.5-5,Ashdod,2021,4,South,187,2366.1
5.5-6,Ashdod,2021,4,South,21,2441.7
1-2,Ashdod,2022,1,South,63,1048.9
2.5-3,Ashdod,2022,1,South,250,1431.8
3.5-4,Ashdod,2022,1,South,270,1828.8
4.5-5,Ashdod,2022,1,South,151,2471
5.5-6,Ashdod,2022,1,South,11,3015.9
1-2,Ashdod,2022,2,South,43,1137
2.5-3,Ashdod,2022,2,South,223,1486
3.5-4,Ashdod,2022,2,South,239,1894
4.5-5,Ashdod,2022,2,South,112,2506.9
5.5-6,Ashdod,2022,2,South,8,3167.5
1-2,Ashdod,2022,3,South,42,1121.4
2.5-3,Ashdod,2022,3,South,192,1611.5
3.5-4,Ashdod,2022,3,South,188,1952.3
4.5-5,Ashdod,2022,3,South,106,2672.9
5.5-6,Ashdod,2022,3,South,10,2938.6
1-2,Ashdod,2022,4,South,49,1118
2.5-3,Ashdod,2022,4,South,164,1597.9
3.5-4,Ashdod,2022,4,South,157,1942.9
4.5-5,Ashdod,2022,4,South,85,2587.2
5.5-6,Ashdod,2022,4,South,22,3162.9
1-2,Ashdod,2023,1,South,39,1129.5
2.5-3,Ashdod,2023,1,South,115,1646.3
3.5-4,Ashdod,2023,1,South,152,1939.6
4.5-5,Ashdod,2023,1,South,96,2608.8
5.5-6,Ashdod,2023,1,South,18,2761.2
1-2,Ashdod,2023,2,South,40,1146.2
2.5-3,Ashdod,2023,2,South,123,1645.6
3.5-4,Ashdod,2023,2,South,108,1971.8
4.5-5,Ashdod,2023,2,South,70,2667.6
5.5-6,Ashdod,2023,2,South,10,2809.2
1-2,Ashdod,2023,3,South,19,1286.8
2.5-3,Ashdod,2023,3,South,151,1658.8
3.5-4,Ashdod,2023,3,South,173,2054
4.5-5,Ashdod,2023,3,South,113,2729.6
5.5-6,Ashdod,2023,3,South,10,3448.6
1-2,Ashdod,2023,4,South,14,1150.3
2.5-3,Ashdod,2023,4,South,98,1731.9
3.5-4,Ashdod,2023,4,South,96,1984.2
4.5-5,Ashdod,2023,4,South,44,2496.9
5.5-6,Ashdod,2023,4,South,5,-
1-2,Ashkelon,2019,1,South,40,649.1
2.5-3,Ashkelon,2019,1,South,112,866.3
3.5-4,Ashkelon,2019,1,South,283,1212.6
4.5-5,Ashkelon,2019,1,South,101,1543.5
5.5-6,Ashkelon,2019,1,South,6,2036.7
1-2,Ashkelon,2019,2,South,29,626.1
2.5-3,Ashkelon,2019,2,South,86,864.1
3.5-4,Ashkelon,2019,2,South,281,1213.9
4.5-5,Ashkelon,2019,2,South,123,1627.1
5.5-6,Ashkelon,2019,2,South,3,-
1-2,Ashkelon,2019,3,South,22,649.4
2.5-3,Ashkelon,2019,3,South,97,859.4
3.5-4,Ashkelon,2019,3,South,292,1229
4.5-5,Ashkelon,2019,3,South,130,1550.5
5.5-6,Ashkelon,2019,3,South,3,-
1-2,Ashkelon,2019,4,South,19,693.8
2.5-3,Ashkelon,2019,4,South,190,852.3
3.5-4,Ashkelon,2019,4,South,602,1140.1
4.5-5,Ashkelon,2019,4,South,153,1572.1
5.5-6,Ashkelon,2019,4,South,3,-
1-2,Ashkelon,2020,1,South,19,622.9
2.5-3,Ashkelon,2020,1,South,278,860.3
3.5-4,Ashkelon,2020,1,South,368,1195.6
4.5-5,Ashkelon,2020,1,South,208,1499.8
5.5-6,Ashkelon,2020,1,South,11,1958.3
1-2,Ashkelon,2020,2,South,19,622.9
2.5-3,Ashkelon,2020,2,South,278,860.3
3.5-4,Ashkelon,2020,2,South,368,1195.6
4.5-5,Ashkelon,2020,2,South,208,1499.8
5.5-6,Ashkelon,2020,2,South,11,1958.3
1-2,Ashkelon,2020,3,South,39,669.2
2.5-3,Ashkelon,2020,3,South,291,856.6
3.5-4,Ashkelon,2020,3,South,549,1147
4.5-5,Ashkelon,2020,3,South,298,1518.2
5.5-6,Ashkelon,2020,3,South,13,2110
1-2,Ashkelon,2020,4,South,26,615.1
2.5-3,Ashkelon,2020,4,South,239,883.5
3.5-4,Ashkelon,2020,4,South,575,1170.8
4.5-5,Ashkelon,2020,4,South,351,1538.3
5.5-6,Ashkelon,2020,4,South,15,2201
1-2,Ashkelon,2021,1,South,39,964.2
2.5-3,Ashkelon,2021,1,South,193,1293.3
3.5-4,Ashkelon,2021,1,South,245,1657.7
4.5-5,Ashkelon,2021,1,South,150,2087.9
5.5-6,Ashkelon,2021,1,South,11,2128.6
1-2,Ashkelon,2021,2,South,39,964.2
2.5-3,Ashkelon,2021,2,South,193,1293.3
3.5-4,Ashkelon,2021,2,South,245,1657.7
4.5-5,Ashkelon,2021,2,South,150,2087.9
5.5-6,Ashkelon,2021,2,South,11,2128.6
1-2,Ashkelon,2021,3,South,39,964.2
2.5-3,Ashkelon,2021,3,South,193,1293.3
3.5-4,Ashkelon,2021,3,South,245,1657.7
4.5-5,Ashkelon,2021,3,South,150,2087.9
5.5-6,Ashkelon,2021,3,South,11,2128.6
1-2,Ashkelon,2021,4,South,54,1045.3
2.5-3,Ashkelon,2021,4,South,230,1366.1
3.5-4,Ashkelon,2021,4,South,292,1691.4
4.5-5,Ashkelon,2021,4,South,187,2366.1
5.5-6,Ashkelon,2021,4,South,21,2441.7
1-2,Ashkelon,2022,1,South,46,729.5
2.5-3,Ashkelon,2022,1,South,368,920.1
3.5-4,Ashkelon,2022,1,South,541,1351.3
4.5-5,Ashkelon,2022,1,South,407,1724.8
5.5-6,Ashkelon,2022,1,South,16,2303.6
1-2,Ashkelon,2022,2,South,46,729.5
2.5-3,Ashkelon,2022,2,South,368,920.1
3.5-4,Ashkelon,2022,2,South,541,1351.3
4.5-5,Ashkelon,2022,2,South,407,1724.8
5.5-6,Ashkelon,2022,2,South,16,2303.6
1-2,Ashkelon,2022,3,South,46,729.5
2.5-3,Ashkelon,2022,3,South,368,920.1
3.5-4,Ashkelon,2022,3,South,541,1351.3
4.5-5,Ashkelon,2022,3,South,407,1724.8
5.5-6,Ashkelon,2022,3,South,16,2303.6
1-2,Ashkelon,2022,4,South,34,849.6
2.5-3,Ashkelon,2022,4,South,121,1131.8
3.5-4,Ashkelon,2022,4,South,187,1704.3
4.5-5,Ashkelon,2022,4,South,98,2080.5
5.5-6,Ashkelon,2022,4,South,12,2693.8
1-2,Ashkelon,2023,1,South,36,796.3
2.5-3,Ashkelon,2023,1,South,117,1141.6
3.5-4,Ashkelon,2023,1,South,190,1586.9
4.5-5,Ashkelon,2023,1,South,77,2266.3
5.5-6,Ashkelon,2023,1,South,15,2918.7
1-2,Ashkelon,2023,2,South,14,900.9
2.5-3,Ashkelon,2023,2,South,109,1158.1
3.5-4,Ashkelon,2023,2,South,152,1594.3
4.5-5,Ashkelon,2023,2,South,81,2118.4
5.5-6,Ashkelon,2023,2,South,15,2923.3
1-2,Ashkelon,2023,3,South,22,823.2
2.5-3,Ashkelon,2023,3,South,132,1135.5
3.5-4,Ashkelon,2023,3,South,209,1586.4
4.5-5,Ashkelon,2023,3,South,107,2138.9
5.5-6,Ashkelon,2023,3,South,15,2566.2
1-2,Ashkelon,2023,4,South,9,833.2
2.5-3,Ashkelon,2023,4,South,75,1316.2
3.5-4,Ashkelon,2023,4,South,104,1671.6
4.5-5,Ashkelon,2023,4,South,48,2202.1
5.5-6,Ashkelon,2023,4,South,4,-
1-2,Beer Sheba,2019,1,South,59,566.1
2.5-3,Beer Sheba,2019,1,South,254,747.3
3.5-4,Beer Sheba,2019,1,South,494,1072.9
4.5-5,Beer Sheba,2019,1,South,210,1392.2
5.5-6,Beer Sheba,2019,1,South,42,1697.3
1-2,Beer Sheba,2019,2,South,59,566.1
2.5-3,Beer Sheba,2019,2,South,254,747.3
3.5-4,Beer Sheba,2019,2,South,494,1072.9
4.5-5,Beer Sheba,2019,2,South,210,1392.2
5.5-6,Beer Sheba,2019,2,South,42,1697.3
1-2,Beer Sheba,2019,3,South,66,548.1
2.5-3,Beer Sheba,2019,3,South,322,737.6
3.5-4,Beer Sheba,2019,3,South,424,1062.6
4.5-5,Beer Sheba,2019,3,South,184,1349.8
5.5-6,Beer Sheba,2019,3,South,40,1708.6
1-2,Beer Sheba,2019,4,South,56,571.1
2.5-3,Beer Sheba,2019,4,South,248,777.9
3.5-4,Beer Sheba,2019,4,South,408,1085.4
4.5-5,Beer Sheba,2019,4,South,183,1332.2
5.5-6,Beer Sheba,2019,4,South,50,1744.9
1-2,Beer Sheba,2020,1,South,59,556.1
2.5-3,Beer Sheba,2020,1,South,240,763.1
3.5-4,Beer Sheba,2020,1,South,400,1062.8
4.5-5,Beer Sheba,2020,1,South,201,1395
5.5-6,Beer Sheba,2020,1,South,35,1688.2
1-2,Beer Sheba,2020,2,South,45,592.9
2.5-3,Beer Sheba,2020,2,South,183,793.5
3.5-4,Beer Sheba,2020,2,South,289,1086.3
4.5-5,Beer Sheba,2020,2,South,127,1430.4
5.5-6,Beer Sheba,2020,2,South,27,1961.8
1-2,Beer Sheba,2020,3,South,45,592.9
2.5-3,Beer Sheba,2020,3,South,183,793.5
3.5-4,Beer Sheba,2020,3,South,289,1086.3
4.5-5,Beer Sheba,2020,3,South,127,1430.4
5.5-6,Beer Sheba,2020,3,South,27,1961.8
1-2,Beer Sheba,2020,4,South,47,566.7
2.5-3,Beer Sheba,2020,4,South,251,777
3.5-4,Beer Sheba,2020,4,South,386,1112
4.5-5,Beer Sheba,2020,4,South,193,1486.3
5.5-6,Beer Sheba,2020,4,South,35,1714.5
1-2,Beer Sheba,2021,1,South,58,547.1
2.5-3,Beer Sheba,2021,1,South,297,743.9
3.5-4,Beer Sheba,2021,1,South,383,1088.7
4.5-5,Beer Sheba,2021,1,South,149,1554.8
5.5-6,Beer Sheba,2021,1,South,37,1797
1-2,Beer Sheba,2021,2,South,75,568.4
2.5-3,Beer Sheba,2021,2,South,371,755.3
3.5-4,Beer Sheba,2021,2,South,373,1077.2
4.5-5,Beer Sheba,2021,2,South,129,1537.8
5.5-6,Beer Sheba,2021,2,South,32,1968
1-2,Beer Sheba,2021,3,South,84,564
2.5-3,Beer Sheba,2021,3,South,332,768.1
3.5-4,Beer Sheba,2021,3,South,397,1093.5
4.5-5,Beer Sheba,2021,3,South,144,1522.7
5.5-6,Beer Sheba,2021,3,South,29,2006.4
1-2,Beer Sheba,2021,4,South,97,556.9
2.5-3,Beer Sheba,2021,4,South,395,769.3
3.5-4,Beer Sheba,2021,4,South,448,1106.3
4.5-5,Beer Sheba,2021,4,South,158,1628.9
5.5-6,Beer Sheba,2021,4,South,42,2005.9
1-2,Beer Sheba,2022,1,South,84,549.5
2.5-3,Beer Sheba,2022,1,South,412,810.5
3.5-4,Beer Sheba,2022,1,South,447,1169.4
4.5-5,Beer Sheba,2022,1,South,206,1660.7
5.5-6,Beer Sheba,2022,1,South,38,2065
1-2,Beer Sheba,2022,2,South,83,594.1
2.5-3,Beer Sheba,2022,2,South,433,822.4
3.5-4,Beer Sheba,2022,2,South,453,1169.8
4.5-5,Beer Sheba,2022,2,South,204,1681.3
5.5-6,Beer Sheba,2022,2,South,102,1812.6
1-2,Beer Sheba,2022,3,South,98,622.2
2.5-3,Beer Sheba,2022,3,South,420,803.7
3.5-4,Beer Sheba,2022,3,South,449,1151.8
4.5-5,Beer Sheba,2022,3,South,153,1715.7
5.5-6,Beer Sheba,2022,3,South,38,1908.4
1-2,Beer Sheba,2022,4,South,84,621.1
2.5-3,Beer Sheba,2022,4,South,385,870.9
3.5-4,Beer Sheba,2022,4,South,308,1214.9
4.5-5,Beer Sheba,2022,4,South,101,1779.9
5.5-6,Beer Sheba,2022,4,South,35,2314.7
1-2,Beer Sheba,2023,1,South,74,597
2.5-3,Beer Sheba,2023,1,South,330,846.2
3.5-4,Beer Sheba,2023,1,South,315,1255.6
4.5-5,Beer Sheba,2023,1,South,133,1772.6
5.5-6,Beer Sheba,2023,1,South,33,2125.1
1-2,Beer Sheba,2023,2,South,55,630.1
2.5-3,Beer Sheba,2023,2,South,291,860.1
3.5-4,Beer Sheba,2023,2,South,295,1288.1
4.5-5,Beer Sheba,2023,2,South,116,1814.3
5.5-6,Beer Sheba,2023,2,South,36,2298.2
1-2,Beer Sheba,2023,3,South,88,596.3
2.5-3,Beer Sheba,2023,3,South,282,844.2
3.5-4,Beer Sheba,2023,3,South,307,1241.1
4.5-5,Beer Sheba,2023,3,South,109,1796.2
5.5-6,Beer Sheba,2023,3,South,33,2383.6
1-2,Beer Sheba,2023,4,South,38,565.3
2.5-3,Beer Sheba,2023,4,South,160,872.7
3.5-4,Beer Sheba,2023,4,South,184,1234.4
4.5-5,Beer Sheba,2023,4,South,69,1784.8
5.5-6,Beer Sheba,2023,4,South,11,2511.8
1-2,Beit Shemesh,2019,1,Jerusalem,5,-
2.5-3,Beit Shemesh,2019,1,Jerusalem,384,965.2
3.5-4,Beit Shemesh,2019,1,Jerusalem,222,1229.4
4.5-5,Beit Shemesh,2019,1,Jerusalem,230,1464.7
5.5-6,Beit Shemesh,2019,1,Jerusalem,37,1748.1
1-2,Beit Shemesh,2019,2,Jerusalem,5,727
2.5-3,Beit Shemesh,2019,2,Jerusalem,196,1110.4
3.5-4,Beit Shemesh,2019,2,Jerusalem,100,1407.9
4.5-5,Beit Shemesh,2019,2,Jerusalem,135,1587.3
5.5-6,Beit Shemesh,2019,2,Jerusalem,19,2029.6
1-2,Beit Shemesh,2019,3,Jerusalem,2,-
2.5-3,Beit Shemesh,2019,3,Jerusalem,336,1024.7
3.5-4,Beit Shemesh,2019,3,Jerusalem,256,1197.9
4.5-5,Beit Shemesh,2019,3,Jerusalem,225,1473.4
5.5-6,Beit Shemesh,2019,3,Jerusalem,27,1841.7
1-2,Beit Shemesh,2019,4,Jerusalem,10,1048.5
2.5-3,Beit Shemesh,2019,4,Jerusalem,571,981.5
3.5-4,Beit Shemesh,2019,4,Jerusalem,376,1259.9
4.5-5,Beit Shemesh,2019,4,Jerusalem,199,1487.1
5.5-6,Beit Shemesh,2019,4,Jerusalem,54,1704.5
1-2,Beit Shemesh,2020,1,Jerusalem,8,918.2
2.5-3,Beit Shemesh,2020,1,Jerusalem,211,1128.7
3.5-4,Beit Shemesh,2020,1,Jerusalem,160,1434.8
4.5-5,Beit Shemesh,2020,1,Jerusalem,160,1648.3
5.5-6,Beit Shemesh,2020,1,Jerusalem,27,2119.1
1-2,Beit Shemesh,2020,2,Jerusalem,8,918.2
2.5-3,Beit Shemesh,2020,2,Jerusalem,211,1128.7
3.5-4,Beit Shemesh,2020,2,Jerusalem,160,1434.8
4.5-5,Beit Shemesh,2020,2,Jerusalem,160,1648.3
5.5-6,Beit Shemesh,2020,2,Jerusalem,27,2119.1
1-2,Beit Shemesh,2020,3,Jerusalem,2,-
2.5-3,Beit Shemesh,2020,3,Jerusalem,379,1123.9
3.5-4,Beit Shemesh,2020,3,Jerusalem,226,1388.4
4.5-5,Beit Shemesh,2020,3,Jerusalem,196,1732.7
5.5-6,Beit Shemesh,2020,3,Jerusalem,53,1815.4
1-2,Beit Shemesh,2020,4,Jerusalem,2,-
2.5-3,Beit Shemesh,2020,4,Jerusalem,403,1133.1
3.5-4,Beit Shemesh,2020,4,Jerusalem,192,1472.8
4.5-5,Beit Shemesh,2020,4,Jerusalem,144,1774.9
5.5-6,Beit Shemesh,2020,4,Jerusalem,34,2178.5
1-2,Beit Shemesh,2021,1,Jerusalem,2,-
2.5-3,Beit Shemesh,2021,1,Jerusalem,403,1133.1
3.5-4,Beit Shemesh,2021,1,Jerusalem,192,1472.8
4.5-5,Beit Shemesh,2021,1,Jerusalem,144,1774.9
5.5-6,Beit Shemesh,2021,1,Jerusalem,34,2178.5
1-2,Beit Shemesh,2021,2,Jerusalem,2,-
2.5-3,Beit Shemesh,2021,2,Jerusalem,229,1186.6
3.5-4,Beit Shemesh,2021,2,Jerusalem,146,1560.8
4.5-5,Beit Shemesh,2021,2,Jerusalem,96,2000
5.5-6,Beit Shemesh,2021,2,Jerusalem,22,2374.4
1-2,Beit Shemesh,2021,3,Jerusalem,2,-
2.5-3,Beit Shemesh,2021,3,Jerusalem,229,1186.6
3.5-4,Beit Shemesh,2021,3,Jerusalem,146,1560.8
4.5-5,Beit Shemesh,2021,3,Jerusalem,96,2000
5.5-6,Beit Shemesh,2021,3,Jerusalem,22,2374.4
1-2,Beit Shemesh,2021,4,Jerusalem,2,-
2.5-3,Beit Shemesh,2021,4,Jerusalem,229,1186.6
3.5-4,Beit Shemesh,2021,4,Jerusalem,146,1560.8
4.5-5,Beit Shemesh,2021,4,Jerusalem,96,2000
5.5-6,Beit Shemesh,2021,4,Jerusalem,22,2374.4
1-2,Beit Shemesh,2022,1,Jerusalem,2,-
2.5-3,Beit Shemesh,2022,1,Jerusalem,420,1207
3.5-4,Beit Shemesh,2022,1,Jerusalem,238,1584.3
4.5-5,Beit Shemesh,2022,1,Jerusalem,144,2437.3
5.5-6,Beit Shemesh,2022,1,Jerusalem,24,3143.9
1-2,Beit Shemesh,2022,2,Jerusalem,7,1001.8
2.5-3,Beit Shemesh,2022,2,Jerusalem,243,1237.4
3.5-4,Beit Shemesh,2022,2,Jerusalem,144,1833.4
4.5-5,Beit Shemesh,2022,2,Jerusalem,82,2372.3
5.5-6,Beit Shemesh,2022,2,Jerusalem,25,3071.4
1-2,Beit Shemesh,2022,3,Jerusalem,2,-
2.5-3,Beit Shemesh,2022,3,Jerusalem,212,1428.1
3.5-4,Beit Shemesh,2022,3,Jerusalem,157,1795
4.5-5,Beit Shemesh,2022,3,Jerusalem,81,2473.5
5.5-6,Beit Shemesh,2022,3,Jerusalem,10,3271
1-2,Beit Shemesh,2022,4,Jerusalem,3,-
2.5-3,Beit Shemesh,2022,4,Jerusalem,103,1831.7
3.5-4,Beit Shemesh,2022,4,Jerusalem,101,2176.1
4.5-5,Beit Shemesh,2022,4,Jerusalem,75,2670.7
5.5-6,Beit Shemesh,2022,4,Jerusalem,7,2972
1-2,Beit Shemesh,2023,1,Jerusalem,3,-
2.5-3,Beit Shemesh,2023,1,Jerusalem,120,1808.5
3.5-4,Beit Shemesh,2023,1,Jerusalem,92,2256.6
4.5-5,Beit Shemesh,2023,1,Jerusalem,76,2822.5
5.5-6,Beit Shemesh,2023,1,Jerusalem,18,3036.9
1-2,Beit Shemesh,2023,2,Jerusalem,4,-
2.5-3,Beit Shemesh,2023,2,Jerusalem,101,1844.1
3.5-4,Beit Shemesh,2023,2,Jerusalem,81,2250.7
4.5-5,Beit Shemesh,2023,2,Jerusalem,50,3086.9
5.5-6,Beit Shemesh,2023,2,Jerusalem,22,3558.1
1-2,Beit Shemesh,2023,3,Jerusalem,2,-
2.5-3,Beit Shemesh,2023,3,Jerusalem,138,1817.2
3.5-4,Beit Shemesh,2023,3,Jerusalem,135,2208
4.5-5,Beit Shemesh,2023,3,Jerusalem,108,2780.2
5.5-6,Beit Shemesh,2023,3,Jerusalem,37,3430.6
1-2,Beit Shemesh,2023,4,Jerusalem,3,-
2.5-3,Beit Shemesh,2023,4,Jerusalem,76,1812.3
3.5-4,Beit Shemesh,2023,4,Jerusalem,85,2237.2
4.5-5,Beit Shemesh,2023,4,Jerusalem,64,2821
5.5-6,Beit Shemesh,2023,4,Jerusalem,20,3318.6
1-2,Beni Brak,2019,1,Center,25,1176.3
2.5-3,Beni Brak,2019,1,Center,130,1402.5
3.5-4,Beni Brak,2019,1,Center,62,1936
4.5-5,Beni Brak,2019,1,Center,18,2250.2
5.5-6,Beni Brak,2019,1,Center,2,-
1-2,Beni Brak,2019,2,Center,35,1152.9
2.5-3,Beni Brak,2019,2,Center,98,1418.2
3.5-4,Beni Brak,2019,2,Center,61,1874.2
4.5-5,Beni Brak,2019,2,Center,25,2226.6
5.5-6,Beni Brak,2019,2,Center,6,3135.8
1-2,Beni Brak,2019,3,Center,41,1167
2.5-3,Beni Brak,2019,3,Center,138,1436.6
3.5-4,Beni Brak,2019,3,Center,81,1870.9
4.5-5,Beni Brak,2019,3,Center,27,2410.6
5.5-6,Beni Brak,2019,3,Center,4,-
1-2,Beni Brak,2019,4,Center,27,1064.3
2.5-3,Beni Brak,2019,4,Center,128,1434.3
3.5-4,Beni Brak,2019,4,Center,73,1839.4
4.5-5,Beni Brak,2019,4,Center,21,2345.3
5.5-6,Beni Brak,2019,4,Center,1,-
1-2,Beni Brak,2020,1,Center,32,1219.6
2.5-3,Beni Brak,2020,1,Center,116,1480.6
3.5-4,Beni Brak,2020,1,Center,71,1888
4.5-5,Beni Brak,2020,1,Center,22,2354
5.5-6,Beni Brak,2020,1,Center,5,-
1-2,Beni Brak,2020,2,Center,35,1116.9
2.5-3,Beni Brak,2020,2,Center,80,1495.2
3.5-4,Beni Brak,2020,2,Center,49,1832.8
4.5-5,Beni Brak,2020,2,Center,23,2512
5.5-6,Beni Brak,2020,2,Center,3,-
1-2,Beni Brak,2020,3,Center,35,1116.9
2.5-3,Beni Brak,2020,3,Center,80,1495.2
3.5-4,Beni Brak,2020,3,Center,49,1832.8
4.5-5,Beni Brak,2020,3,Center,23,2512
5.5-6,Beni Brak,2020,3,Center,3,-
1-2,Beni Brak,2020,4,Center,35,1116.9
2.5-3,Beni Brak,2020,4,Center,80,1495.2
3.5-4,Beni Brak,2020,4,Center,49,1832.8
4.5-5,Beni Brak,2020,4,Center,23,2512
5.5-6,Beni Brak,2020,4,Center,3,-
1-2,Beni Brak,2021,1,Center,35,1116.9
2.5-3,Beni Brak,2021,1,Center,80,1495.2
3.5-4,Beni Brak,2021,1,Center,49,1832.8
4.5-5,Beni Brak,2021,1,Center,23,2512
5.5-6,Beni Brak,2021,1,Center,3,-
1-2,Beni Brak,2021,2,Center,55,1281.6
2.5-3,Beni Brak,2021,2,Center,173,1471.3
3.5-4,Beni Brak,2021,2,Center,115,1869.8
4.5-5,Beni Brak,2021,2,Center,32,2382.9
5.5-6,Beni Brak,2021,2,Center,4,-
1-2,Beni Brak,2021,3,Center,38,1260.2
2.5-3,Beni Brak,2021,3,Center,109,1525
3.5-4,Beni Brak,2021,3,Center,63,1951.5
4.5-5,Beni Brak,2021,3,Center,35,2446.8
5.5-6,Beni Brak,2021,3,Center,1,-
1-2,Beni Brak,2021,4,Center,38,1260.2
2.5-3,Beni Brak,2021,4,Center,109,1525
3.5-4,Beni Brak,2021,4,Center,63,1951.5
4.5-5,Beni Brak,2021,4,Center,35,2446.8
5.5-6,Beni Brak,2021,4,Center,1,-
1-2,Beni Brak,2022,1,Center,62,1335.4
2.5-3,Beni Brak,2022,1,Center,197,1667.1
3.5-4,Beni Brak,2022,1,Center,97,2131.5
4.5-5,Beni Brak,2022,1,Center,38,2782.5
5.5-6,Beni Brak,2022,1,Center,6,3133.3
1-2,Beni Brak,2022,2,Center,40,1451.4
2.5-3,Beni Brak,2022,2,Center,142,1658.1
3.5-4,Beni Brak,2022,2,Center,86,2207.5
4.5-5,Beni Brak,2022,2,Center,36,3119.4
5.5-6,Beni Brak,2022,2,Center,4,-
1-2,Beni Brak,2022,3,Center,36,1417.6
2.5-3,Beni Brak,2022,3,Center,126,1729.7
3.5-4,Beni Brak,2022,3,Center,72,2357.8
4.5-5,Beni Brak,2022,3,Center,54,2949.3
5.5-6,Beni Brak,2022,3,Center,4,-
1-2,Beni Brak,2022,4,Center,24,1364.5
2.5-3,Beni Brak,2022,4,Center,97,1888.9
3.5-4,Beni Brak,2022,4,Center,77,2407.4
4.5-5,Beni Brak,2022,4,Center,41,3109.6
5.5-6,Beni Brak,2022,4,Center,3,-
1-2,Beni Brak,2023,1,Center,28,1464.7
2.5-3,Beni Brak,2023,1,Center,124,1940.8
3.5-4,Beni Brak,2023,1,Center,82,2422.3
4.5-5,Beni Brak,2023,1,Center,44,3214.6
5.5-6,Beni Brak,2023,1,Center,18,3626.6
1-2,Beni Brak,2023,2,Center,20,1474.7
2.5-3,Beni Brak,2023,2,Center,101,1812.8
3.5-4,Beni Brak,2023,2,Center,65,2457.3
4.5-5,Beni Brak,2023,2,Center,32,3069
5.5-6,Beni Brak,2023,2,Center,7,3456.4
1-2,Beni Brak,2023,3,Center,16,1546.7
2.5-3,Beni Brak,2023,3,Center,113,1971.1
3.5-4,Beni Brak,2023,3,Center,70,2544.7
4.5-5,Beni Brak,2023,3,Center,19,3134.6
5.5-6,Beni Brak,2023,3,Center,9,3971.9
1-2,Beni Brak,2023,4,Center,17,1537.2
2.5-3,Beni Brak,2023,4,Center,64,1938.7
3.5-4,Beni Brak,2023,4,Center,54,2502
4.5-5,Beni Brak,2023,4,Center,13,3179.5
5.5-6,Beni Brak,2023,4,Center,10,3187
1-2,Bat Yam,2019,1,Center,60,1123.1
2.5-3,Bat Yam,2019,1,Center,198,1340.4
3.5-4,Bat Yam,2019,1,Center,73,1978.4
4.5-5,Bat Yam,2019,1,Center,29,2735.4
5.5-6,Bat Yam,2019,1,Center,4,-
1-2,Bat Yam,2019,2,Center,60,1123.1
2.5-3,Bat Yam,2019,2,Center,198,1340.4
3.5-4,Bat Yam,2019,2,Center,73,1978.4
4.5-5,Bat Yam,2019,2,Center,29,2735.4
5.5-6,Bat Yam,2019,2,Center,4,-
1-2,Bat Yam,2019,3,Center,62,1070.6
2.5-3,Bat Yam,2019,3,Center,199,1372
3.5-4,Bat Yam,2019,3,Center,99,1942
4.5-5,Bat Yam,2019,3,Center,25,2571.9
5.5-6,Bat Yam,2019,3,Center,0,-
1-2,Bat Yam,2019,4,Center,47,1140
2.5-3,Bat Yam,2019,4,Center,183,1337.2
3.5-4,Bat Yam,2019,4,Center,73,1979.4
4.5-5,Bat Yam,2019,4,Center,28,2701.1
5.5-6,Bat Yam,2019,4,Center,0,-
1-2,Bat Yam,2020,1,Center,49,1158.2
2.5-3,Bat Yam,2020,1,Center,153,1357.4
3.5-4,Bat Yam,2020,1,Center,80,2022.2
4.5-5,Bat Yam,2020,1,Center,17,2902.9
5.5-6,Bat Yam,2020,1,Center,-,-
1-2,Bat Yam,2020,2,Center,19,1102.5
2.5-3,Bat Yam,2020,2,Center,105,1402.3
3.5-4,Bat Yam,2020,2,Center,43,1936.9
4.5-5,Bat Yam,2020,2,Center,20,2647.2
5.5-6,Bat Yam,2020,2,Center,1,-
1-2,Bat Yam,2020,3,Center,59,1125.1
2.5-3,Bat Yam,2020,3,Center,185,1377.5
3.5-4,Bat Yam,2020,3,Center,80,1899.4
4.5-5,Bat Yam,2020,3,Center,36,2747.3
5.5-6,Bat Yam,2020,3,Center,1,-
1-2,Bat Yam,2020,4,Center,40,1200.3
2.5-3,Bat Yam,2020,4,Center,155,1471.2
3.5-4,Bat Yam,2020,4,Center,83,1989
4.5-5,Bat Yam,2020,4,Center,45,2943.2
5.5-6,Bat Yam,2020,4,Center,1,-
1-2,Bat Yam,2021,1,Center,79,1182.4
2.5-3,Bat Yam,2021,1,Center,317,1540.1
3.5-4,Bat Yam,2021,1,Center,202,2089.9
4.5-5,Bat Yam,2021,1,Center,83,2750.1
5.5-6,Bat Yam,2021,1,Center,13,3121.2
1-2,Bat Yam,2021,2,Center,91,1253.4
2.5-3,Bat Yam,2021,2,Center,261,1555.6
3.5-4,Bat Yam,2021,2,Center,142,2080.5
4.5-5,Bat Yam,2021,2,Center,86,2826.6
5.5-6,Bat Yam,2021,2,Center,22,3108.3
1-2,Bat Yam,2021,3,Center,91,1253.4
2.5-3,Bat Yam,2021,3,Center,261,1555.6
3.5-4,Bat Yam,2021,3,Center,142,2080.5
4.5-5,Bat Yam,2021,3,Center,86,2826.6
5.5-6,Bat Yam,2021,3,Center,22,3108.3
1-2,Bat Yam,2021,4,Center,58,1270.7
2.5-3,Bat Yam,2021,4,Center,235,1619.7
3.5-4,Bat Yam,2021,4,Center,177,2061.8
4.5-5,Bat Yam,2021,4,Center,58,2889.5
5.5-6,Bat Yam,2021,4,Center,2,-
1-2,Bat Yam,2022,1,Center,58,1401.2
2.5-3,Bat Yam,2022,1,Center,164,1753.4
3.5-4,Bat Yam,2022,1,Center,98,2378.9
4.5-5,Bat Yam,2022,1,Center,45,3240.1
5.5-6,Bat Yam,2022,1,Center,1,-
1-2,Bat Yam,2022,2,Center,58,1401.2
2.5-3,Bat Yam,2022,2,Center,164,1753.4
3.5-4,Bat Yam,2022,2,Center,98,2378.9
4.5-5,Bat Yam,2022,2,Center,45,3240.1
5.5-6,Bat Yam,2022,2,Center,1,-
1-2,Bat Yam,2022,3,Center,69,1585
2.5-3,Bat Yam,2022,3,Center,189,1804.1
3.5-4,Bat Yam,2022,3,Center,120,2605.6
4.5-5,Bat Yam,2022,3,Center,74,3675.2
5.5-6,Bat Yam,2022,3,Center,4,-
1-2,Bat Yam,2022,4,Center,51,1631
2.5-3,Bat Yam,2022,4,Center,165,1959.3
3.5-4,Bat Yam,2022,4,Center,103,2823.2
4.5-5,Bat Yam,2022,4,Center,45,3740.8
5.5-6,Bat Yam,2022,4,Center,3,-
1-2,Bat Yam,2023,1,Center,279,1517.8
2.5-3,Bat Yam,2023,1,Center,776,1783.9
3.5-4,Bat Yam,2023,1,Center,522,2476.4
4.5-5,Bat Yam,2023,1,Center,223,3442.3
5.5-6,Bat Yam,2023,1,Center,11,4833.3
1-2,Bat Yam,2023,2,Center,47,1542.5
2.5-3,Bat Yam,2023,2,Center,159,2019
3.5-4,Bat Yam,2023,2,Center,103,2549.3
4.5-5,Bat Yam,2023,2,Center,43,3594.8
5.5-6,Bat Yam,2023,2,Center,6,4888.5
1-2,Bat Yam,2023,3,Center,45,1485.2
2.5-3,Bat Yam,2023,3,Center,164,1862.3
3.5-4,Bat Yam,2023,3,Center,89,2552.3
4.5-5,Bat Yam,2023,3,Center,56,3667
5.5-6,Bat Yam,2023,3,Center,6,4135.3
1-2,Bat Yam,2023,4,Center,29,1541.7
2.5-3,Bat Yam,2023,4,Center,98,2002
3.5-4,Bat Yam,2023,4,Center,33,2644.3
4.5-5,Bat Yam,2023,4,Center,23,3533.3
5.5-6,Bat Yam,2023,4,Center,2,-
1-2,Holon,2019,1,Center,30,1107.8
2.5-3,Holon,2019,1,Center,179,1289.5
3.5-4,Holon,2019,1,Center,140,1775.6
4.5-5,Holon,2019,1,Center,83,2164.2
5.5-6,Holon,2019,1,Center,7,2984.2
1-2,Holon,2019,2,Center,31,1095.8
2.5-3,Holon,2019,2,Center,179,1315.2
3.5-4,Holon,2019,2,Center,131,1737.5
4.5-5,Holon,2019,2,Center,104,2416.6
5.5-6,Holon,2019,2,Center,15,2927.2
1-2,Holon,2019,3,Center,30,985.1
2.5-3,Holon,2019,3,Center,189,1291.6
3.5-4,Holon,2019,3,Center,139,1733.7
4.5-5,Holon,2019,3,Center,105,2500.9
5.5-6,Holon,2019,3,Center,18,2834.5
1-2,Holon,2019,4,Center,25,1113.4
2.5-3,Holon,2019,4,Center,156,1369.1
3.5-4,Holon,2019,4,Center,114,1879.2
4.5-5,Holon,2019,4,Center,73,2467.8
5.5-6,Holon,2019,4,Center,21,2792.7
1-2,Holon,2020,1,Center,28,1021.9
2.5-3,Holon,2020,1,Center,171,1373.8
3.5-4,Holon,2020,1,Center,141,1779.3
4.5-5,Holon,2020,1,Center,110,2398.6
5.5-6,Holon,2020,1,Center,14,2805.4
1-2,Holon,2020,2,Center,15,1080.3
2.5-3,Holon,2020,2,Center,108,1360
3.5-4,Holon,2020,2,Center,195,2077.1
4.5-5,Holon,2020,2,Center,68,2544.1
5.5-6,Holon,2020,2,Center,17,2787.6
1-2,Holon,2020,3,Center,28,1066.8
2.5-3,Holon,2020,3,Center,160,1352.6
3.5-4,Holon,2020,3,Center,111,1817.9
4.5-5,Holon,2020,3,Center,78,2501.6
5.5-6,Holon,2020,3,Center,11,3174.5
1-2,Holon,2020,4,Center,22,1109.7
2.5-3,Holon,2020,4,Center,144,1372.7
3.5-4,Holon,2020,4,Center,138,1843.2
4.5-5,Holon,2020,4,Center,75,2487.4
5.5-6,Holon,2020,4,Center,14,2890.9
1-2,Holon,2021,1,Center,52,1091.6
2.5-3,Holon,2021,1,Center,189,1403.5
3.5-4,Holon,2021,1,Center,167,1864.3
4.5-5,Holon,2021,1,Center,119,2483.5
5.5-6,Holon,2021,1,Center,14,3366.1
1-2,Holon,2021,2,Center,50,1133.8
2.5-3,Holon,2021,2,Center,238,1417.7
3.5-4,Holon,2021,2,Center,158,1930.5
4.5-5,Holon,2021,2,Center,96,2595.6
5.5-6,Holon,2021,2,Center,23,3330.8
1-2,Holon,2021,3,Center,44,1174.2
2.5-3,Holon,2021,3,Center,206,1415.3
3.5-4,Holon,2021,3,Center,170,1935.5
4.5-5,Holon,2021,3,Center,112,2535.2
5.5-6,Holon,2021,3,Center,9,3346.8
1-2,Holon,2021,4,Center,50,1154.7
2.5-3,Holon,2021,4,Center,226,1453.1
3.5-4,Holon,2021,4,Center,185,1997.7
4.5-5,Holon,2021,4,Center,113,2631.3
5.5-6,Holon,2021,4,Center,17,4014.4
1-2,Holon,2022,1,Center,49,1275.7
2.5-3,Holon,2022,1,Center,220,1549.1
3.5-4,Holon,2022,1,Center,166,2098.6
4.5-5,Holon,2022,1,Center,132,2796.1
5.5-6,Holon,2022,1,Center,13,3337.9
1-2,Holon,2022,2,Center,49,1275.7
2.5-3,Holon,2022,2,Center,220,1549.1
3.5-4,Holon,2022,2,Center,166,2098.6
4.5-5,Holon,2022,2,Center,132,2796.1
5.5-6,Holon,2022,2,Center,13,3337.9
1-2,Holon,2022,3,Center,25,1188.5
2.5-3,Holon,2022,3,Center,122,1678.6
3.5-4,Holon,2022,3,Center,102,2132.2
4.5-5,Holon,2022,3,Center,63,2931.9
5.5-6,Holon,2022,3,Center,6,4078.6
1-2,Holon,2022,4,Center,18,1453.1
2.5-3,Holon,2022,4,Center,111,1727.3
3.5-4,Holon,2022,4,Center,65,2248.9
4.5-5,Holon,2022,4,Center,53,3004.1
5.5-6,Holon,2022,4,Center,4,-
1-2,Holon,2023,1,Center,20,1189.5
2.5-3,Holon,2023,1,Center,87,1667.3
3.5-4,Holon,2023,1,Center,113,2315.9
4.5-5,Holon,2023,1,Center,42,2645.4
5.5-6,Holon,2023,1,Center,2,-
1-2,Holon,2023,2,Center,32,1375.5
2.5-3,Holon,2023,2,Center,82,1649.8
3.5-4,Holon,2023,2,Center,81,2181.7
4.5-5,Holon,2023,2,Center,36,3171.9
5.5-6,Holon,2023,2,Center,5,-
1-2,Holon,2023,3,Center,18,1588.8
2.5-3,Holon,2023,3,Center,114,1773.8
3.5-4,Holon,2023,3,Center,96,2117.7
4.5-5,Holon,2023,3,Center,57,3263.4
5.5-6,Holon,2023,3,Center,6,4380
1-2,Holon,2023,4,Center,13,1316.9
2.5-3,Holon,2023,4,Center,57,1620.9
3.5-4,Holon,2023,4,Center,50,2232.4
4.5-5,Holon,2023,4,Center,17,2954.7
5.5-6,Holon,2023,4,Center,5,-
1-2,Herzliya,2022,1,Center,,
2.5-3,Herzliya,2022,1,Center,,
3.5-4,Herzliya,2022,1,Center,,
4.5-5,Herzliya,2022,1,Center,,
5.5-6,Herzliya,2022,1,Center,,
1-2,Herzliya,2022,2,Center,,
2.5-3,Herzliya,2022,2,Center,,
3.5-4,Herzliya,2022,2,Center,,
4.5-5,Herzliya,2022,2,Center,,
5.5-6,Herzliya,2022,2,Center,,
1-2,Herzliya,2022,3,Center,,
2.5-3,Herzliya,2022,3,Center,,
3.5-4,Herzliya,2022,3,Center,,
4.5-5,Herzliya,2022,3,Center,,
5.5-6,Herzliya,2022,3,Center,,
1-2,Herzliya,2022,4,Center,,
2.5-3,Herzliya,2022,4,Center,,
3.5-4,Herzliya,2022,4,Center,,
4.5-5,Herzliya,2022,4,Center,,
5.5-6,Herzliya,2022,4,Center,,
1-2,Herzliya,2023,1,Center,5,1634.1
2.5-3,Herzliya,2023,1,Center,36,2805.2
3.5-4,Herzliya,2023,1,Center,37,3405.3
4.5-5,Herzliya,2023,1,Center,43,4423.2
5.5-6,Herzliya,2023,1,Center,5,-
1-2,Herzliya,2023,2,Center,10,2018
2.5-3,Herzliya,2023,2,Center,34,2696.3
3.5-4,Herzliya,2023,2,Center,43,3265.9
4.5-5,Herzliya,2023,2,Center,38,4603.8
5.5-6,Herzliya,2023,2,Center,7,5679.5
1-2,Herzliya,2023,3,Center,11,1822
2.5-3,Herzliya,2023,3,Center,24,2547.2
3.5-4,Herzliya,2023,3,Center,55,3461.5
4.5-5,Herzliya,2023,3,Center,55,4298.1
5.5-6,Herzliya,2023,3,Center,5,-
1-2,Herzliya,2023,4,Center,11,1822
2.5-3,Herzliya,2023,4,Center,24,2547.2
3.5-4,Herzliya,2023,4,Center,55,3461.5
4.5-5,Herzliya,2023,4,Center,55,4298.1
5.5-6,Herzliya,2023,4,Center,5,-
1-2,Haifa,2019,1,Haifa,140,696.2
2.5-3,Haifa,2019,1,Haifa,308,885.5
3.5-4,Haifa,2019,1,Haifa,269,1408.2
4.5-5,Haifa,2019,1,Haifa,140,1992.7
5.5-6,Haifa,2019,1,Haifa,15,2201
1-2,Haifa,2019,2,Haifa,129,672.5
2.5-3,Haifa,2019,2,Haifa,308,906.1
3.5-4,Haifa,2019,2,Haifa,211,1441
4.5-5,Haifa,2019,2,Haifa,144,1945.2
5.5-6,Haifa,2019,2,Haifa,8,2248.7
1-2,Haifa,2019,3,Haifa,119,677.4
2.5-3,Haifa,2019,3,Haifa,300,887.9
3.5-4,Haifa,2019,3,Haifa,229,1471.4
4.5-5,Haifa,2019,3,Haifa,159,2062.8
5.5-6,Haifa,2019,3,Haifa,15,2201.3
1-2,Haifa,2019,4,Haifa,93,655
2.5-3,Haifa,2019,4,Haifa,310,911.4
3.5-4,Haifa,2019,4,Haifa,234,1445
4.5-5,Haifa,2019,4,Haifa,110,2115
5.5-6,Haifa,2019,4,Haifa,17,2161.2
1-2,Haifa,2020,1,Haifa,104,614.8
2.5-3,Haifa,2020,1,Haifa,288,843.9
3.5-4,Haifa,2020,1,Haifa,206,1392.3
4.5-5,Haifa,2020,1,Haifa,133,2096.9
5.5-6,Haifa,2020,1,Haifa,16,2261.7
1-2,Haifa,2020,2,Haifa,93,598.1
2.5-3,Haifa,2020,2,Haifa,229,900.6
3.5-4,Haifa,2020,2,Haifa,144,1376.8
4.5-5,Haifa,2020,2,Haifa,108,2032.6
5.5-6,Haifa,2020,2,Haifa,9,2161.2
1-2,Haifa,2020,3,Haifa,130,695.9
2.5-3,Haifa,2020,3,Haifa,393,917.1
3.5-4,Haifa,2020,3,Haifa,248,1368.5
4.5-5,Haifa,2020,3,Haifa,164,2003.9
5.5-6,Haifa,2020,3,Haifa,22,2388.4
1-2,Haifa,2020,4,Haifa,111,671.5
2.5-3,Haifa,2020,4,Haifa,390,931.7
3.5-4,Haifa,2020,4,Haifa,292,1365.2
4.5-5,Haifa,2020,4,Haifa,154,1859.7
5.5-6,Haifa,2020,4,Haifa,21,1940.5
1-2,Haifa,2021,1,Haifa,174,653.6
2.5-3,Haifa,2021,1,Haifa,417,933.6
3.5-4,Haifa,2021,1,Haifa,323,1436.7
4.5-5,Haifa,2021,1,Haifa,158,2050.3
5.5-6,Haifa,2021,1,Haifa,22,2466.2
1-2,Haifa,2021,2,Haifa,213,652.2
2.5-3,Haifa,2021,2,Haifa,458,912.4
3.5-4,Haifa,2021,2,Haifa,327,1355.6
4.5-5,Haifa,2021,2,Haifa,174,2011.5
5.5-6,Haifa,2021,2,Haifa,24,2248.7
1-2,Haifa,2021,3,Haifa,194,663.6
2.5-3,Haifa,2021,3,Haifa,450,885.9
3.5-4,Haifa,2021,3,Haifa,235,1368.5
4.5-5,Haifa,2021,3,Haifa,168,2055.3
5.5-6,Haifa,2021,3,Haifa,23,2438.6
1-2,Haifa,2021,4,Haifa,253,682
2.5-3,Haifa,2021,4,Haifa,530,961.5
3.5-4,Haifa,2021,4,Haifa,370,1530.1
4.5-5,Haifa,2021,4,Haifa,228,2150.1
5.5-6,Haifa,2021,4,Haifa,29,2593.8
1-2,Haifa,2022,1,Haifa,218,685.6
2.5-3,Haifa,2022,1,Haifa,479,1000.6
3.5-4,Haifa,2022,1,Haifa,367,1559
4.5-5,Haifa,2022,1,Haifa,193,2149.5
5.5-6,Haifa,2022,1,Haifa,27,2248.4
1-2,Haifa,2022,2,Haifa,193,759.5
2.5-3,Haifa,2022,2,Haifa,500,1028.6
3.5-4,Haifa,2022,2,Haifa,304,1564.3
4.5-5,Haifa,2022,2,Haifa,167,2275
5.5-6,Haifa,2022,2,Haifa,33,2573.7
1-2,Haifa,2022,3,Haifa,172,742.3
2.5-3,Haifa,2022,3,Haifa,497,1079.7
3.5-4,Haifa,2022,3,Haifa,312,1606.3
4.5-5,Haifa,2022,3,Haifa,148,2383.4
5.5-6,Haifa,2022,3,Haifa,25,2626.9
1-2,Haifa,2022,4,Haifa,172,742.3
2.5-3,Haifa,2022,4,Haifa,497,1079.7
3.5-4,Haifa,2022,4,Haifa,312,1606.3
4.5-5,Haifa,2022,4,Haifa,148,2383.4
5.5-6,Haifa,2022,4,Haifa,25,2626.9
1-2,Haifa,2023,1,Haifa,153,829.1
2.5-3,Haifa,2023,1,Haifa,388,1132.6
3.5-4,Haifa,2023,1,Haifa,277,1772.7
4.5-5,Haifa,2023,1,Haifa,178,2526.1
5.5-6,Haifa,2023,1,Haifa,31,2929.8
1-2,Haifa,2023,2,Haifa,149,782.8
2.5-3,Haifa,2023,2,Haifa,349,1131.7
3.5-4,Haifa,2023,2,Haifa,270,1660.9
4.5-5,Haifa,2023,2,Haifa,166,2565.1
5.5-6,Haifa,2023,2,Haifa,17,3064.5
1-2,Haifa,2023,3,Haifa,157,807.5
2.5-3,Haifa,2023,3,Haifa,334,1085.7
3.5-4,Haifa,2023,3,Haifa,220,1714.8
4.5-5,Haifa,2023,3,Haifa,154,2416.9
5.5-6,Haifa,2023,3,Haifa,23,3096
1-2,Haifa,2023,4,Haifa,157,807.5
2.5-3,Haifa,2023,4,Haifa,334,1085.7
3.5-4,Haifa,2023,4,Haifa,220,1714.8
4.5-5,Haifa,2023,4,Haifa,154,2416.9
5.5-6,Haifa,2023,4,Haifa,23,3096
1-2,Kfar Saba,2019,1,Center,3,-
2.5-3,Kfar Saba,2019,1,Center,47,1565.6
3.5-4,Kfar Saba,2019,1,Center,93,1920.5
4.5-5,Kfar Saba,2019,1,Center,68,2496.8
5.5-6,Kfar Saba,2019,1,Center,10,2902.2
1-2,Kfar Saba,2019,2,Center,5,-
2.5-3,Kfar Saba,2019,2,Center,39,1581.8
3.5-4,Kfar Saba,2019,2,Center,101,2052.4
4.5-5,Kfar Saba,2019,2,Center,69,2528.2
5.5-6,Kfar Saba,2019,2,Center,18,2855.8
1-2,Kfar Saba,2019,3,Center,6,1043.3
2.5-3,Kfar Saba,2019,3,Center,39,1646.7
3.5-4,Kfar Saba,2019,3,Center,77,2034.8
4.5-5,Kfar Saba,2019,3,Center,56,2579.6
5.5-6,Kfar Saba,2019,3,Center,11,3151.4
1-2,Kfar Saba,2019,4,Center,5,-
2.5-3,Kfar Saba,2019,4,Center,36,1714.5
3.5-4,Kfar Saba,2019,4,Center,95,2027.6
4.5-5,Kfar Saba,2019,4,Center,38,2560.7
5.5-6,Kfar Saba,2019,4,Center,17,3009.4
1-2,Kfar Saba,2020,1,Center,3,-
2.5-3,Kfar Saba,2020,1,Center,44,1645.4
3.5-4,Kfar Saba,2020,1,Center,90,2022.7
4.5-5,Kfar Saba,2020,1,Center,66,2672
5.5-6,Kfar Saba,2020,1,Center,18,3078
1-2,Kfar Saba,2020,2,Center,1,-
2.5-3,Kfar Saba,2020,2,Center,25,1711.3
3.5-4,Kfar Saba,2020,2,Center,53,2129.2
4.5-5,Kfar Saba,2020,2,Center,28,2604.1
5.5-6,Kfar Saba,2020,2,Center,12,3113.1
1-2,Kfar Saba,2020,3,Center,4,-
2.5-3,Kfar Saba,2020,3,Center,37,1588
3.5-4,Kfar Saba,2020,3,Center,85,2046.2
4.5-5,Kfar Saba,2020,3,Center,39,2647.1
5.5-6,Kfar Saba,2020,3,Center,16,3057
1-2,Kfar Saba,2020,4,Center,5,-
2.5-3,Kfar Saba,2020,4,Center,23,1623.7
3.5-4,Kfar Saba,2020,4,Center,70,2147.7
4.5-5,Kfar Saba,2020,4,Center,40,2710.3
5.5-6,Kfar Saba,2020,4,Center,7,3268.8
1-2,Kfar Saba,2021,1,Center,4,-
2.5-3,Kfar Saba,2021,1,Center,57,1752.1
3.5-4,Kfar Saba,2021,1,Center,143,2176.4
4.5-5,Kfar Saba,2021,1,Center,66,2591.2
5.5-6,Kfar Saba,2021,1,Center,24,3426.9
1-2,Kfar Saba,2021,2,Center,10,1257.4
2.5-3,Kfar Saba,2021,2,Center,54,1796.6
3.5-4,Kfar Saba,2021,2,Center,141,2130.4
4.5-5,Kfar Saba,2021,2,Center,82,2683.9
5.5-6,Kfar Saba,2021,2,Center,12,3275.8
1-2,Kfar Saba,2021,3,Center,2,-
2.5-3,Kfar Saba,2021,3,Center,50,1803.7
3.5-4,Kfar Saba,2021,3,Center,87,2301.4
4.5-5,Kfar Saba,2021,3,Center,56,2769.7
5.5-6,Kfar Saba,2021,3,Center,11,3760
1-2,Kfar Saba,2021,4,Center,11,1442.3
2.5-3,Kfar Saba,2021,4,Center,53,1817
3.5-4,Kfar Saba,2021,4,Center,118,2373.3
4.5-5,Kfar Saba,2021,4,Center,89,3088.6
5.5-6,Kfar Saba,2021,4,Center,16,3766.3
1-2,Kfar Saba,2022,1,Center,10,1674.5
2.5-3,Kfar Saba,2022,1,Center,43,2045.2
3.5-4,Kfar Saba,2022,1,Center,103,2455.6
4.5-5,Kfar Saba,2022,1,Center,70,3148.3
5.5-6,Kfar Saba,2022,1,Center,26,3911.4
1-2,Kfar Saba,2022,2,Center,7,1516.1
2.5-3,Kfar Saba,2022,2,Center,37,2056.8
3.5-4,Kfar Saba,2022,2,Center,55,2797.9
4.5-5,Kfar Saba,2022,2,Center,44,3783.1
5.5-6,Kfar Saba,2022,2,Center,7,4710.9
1-2,Kfar Saba,2022,3,Center,3,-
2.5-3,Kfar Saba,2022,3,Center,38,2358.9
3.5-4,Kfar Saba,2022,3,Center,78,2956.4
4.5-5,Kfar Saba,2022,3,Center,32,3776.9
5.5-6,Kfar Saba,2022,3,Center,7,4702.9
1-2,Kfar Saba,2022,4,Center,1,-
2.5-3,Kfar Saba,2022,4,Center,21,2268
3.5-4,Kfar Saba,2022,4,Center,50,2867.3
4.5-5,Kfar Saba,2022,4,Center,17,3764.8
5.5-6,Kfar Saba,2022,4,Center,6,3750
1-2,Kfar Saba,2023,1,Center,1,-
2.5-3,Kfar Saba,2023,1,Center,21,2268
3.5-4,Kfar Saba,2023,1,Center,50,2867.3
4.5-5,Kfar Saba,2023,1,Center,17,3764.8
5.5-6,Kfar Saba,2023,1,Center,6,3750
1-2,Kfar Saba,2023,2,Center,7,1733.4
2.5-3,Kfar Saba,2023,2,Center,20,2191.6
3.5-4,Kfar Saba,2023,2,Center,49,2830.9
4.5-5,Kfar Saba,2023,2,Center,20,3665.5
5.5-6,Kfar Saba,2023,2,Center,9,5368.9
1-2,Kfar Saba,2023,3,Center,6,1807.5
2.5-3,Kfar Saba,2023,3,Center,17,1957.1
3.5-4,Kfar Saba,2023,3,Center,57,2841.7
4.5-5,Kfar Saba,2023,3,Center,25,3253.5
5.5-6,Kfar Saba,2023,3,Center,7,4221.4
1-2,Kfar Saba,2023,4,Center,2,-
2.5-3,Kfar Saba,2023,4,Center,17,2144.6
3.5-4,Kfar Saba,2023,4,Center,44,2887.3
4.5-5,Kfar Saba,2023,4,Center,11,3484.1
5.5-6,Kfar Saba,2023,4,Center,4,-
1-2,Natanya,2019,1,North,31,977.3
2.5-3,Natanya,2019,1,North,139,1290.4
3.5-4,Natanya,2019,1,North,163,1804.3
4.5-5,Natanya,2019,1,North,144,2292.2
5.5-6,Natanya,2019,1,North,13,2501.7
1-2,Natanya,2019,2,North,19,966.1
2.5-3,Natanya,2019,2,North,126,1231.9
3.5-4,Natanya,2019,2,North,177,1745.4
4.5-5,Natanya,2019,2,North,147,2261.3
5.5-6,Natanya,2019,2,North,12,2239.3
1-2,Natanya,2019,3,North,40,892.5
2.5-3,Natanya,2019,3,North,153,1283.2
3.5-4,Natanya,2019,3,North,190,1771.4
4.5-5,Natanya,2019,3,North,176,2289.1
5.5-6,Natanya,2019,3,North,33,2414.6
1-2,Natanya,2019,4,North,31,910.5
2.5-3,Natanya,2019,4,North,143,1221.9
3.5-4,Natanya,2019,4,North,296,1593.9
4.5-5,Natanya,2019,4,North,179,2135.4
5.5-6,Natanya,2019,4,North,20,2403.9
1-2,Natanya,2020,1,North,38,933.1
2.5-3,Natanya,2020,1,North,149,1248.6
3.5-4,Natanya,2020,1,North,278,1630.1
4.5-5,Natanya,2020,1,North,227,2046.9
5.5-6,Natanya,2020,1,North,43,2117.9
1-2,Natanya,2020,2,North,17,878.4
2.5-3,Natanya,2020,2,North,117,1239.3
3.5-4,Natanya,2020,2,North,130,1727.8
4.5-5,Natanya,2020,2,North,108,2140.9
5.5-6,Natanya,2020,2,North,28,1916
1-2,Natanya,2020,3,North,21,992.5
2.5-3,Natanya,2020,3,North,175,1160.4
3.5-4,Natanya,2020,3,North,277,1703.2
4.5-5,Natanya,2020,3,North,264,2100.8
5.5-6,Natanya,2020,3,North,42,2054.6
1-2,Natanya,2020,4,North,21,898.8
2.5-3,Natanya,2020,4,North,129,1238.7
3.5-4,Natanya,2020,4,North,201,1838
4.5-5,Natanya,2020,4,North,244,2130.5
5.5-6,Natanya,2020,4,North,48,1963.2
1-2,Natanya,2021,1,North,37,1014.8
2.5-3,Natanya,2021,1,North,183,1251.6
3.5-4,Natanya,2021,1,North,266,1868.9
4.5-5,Natanya,2021,1,North,264,2461.7
5.5-6,Natanya,2021,1,North,22,2603.1
1-2,Natanya,2021,2,North,41,879.7
2.5-3,Natanya,2021,2,North,173,1282
3.5-4,Natanya,2021,2,North,324,1893.6
4.5-5,Natanya,2021,2,North,242,2525.1
5.5-6,Natanya,2021,2,North,17,3307.6
1-2,Natanya,2021,3,North,37,991
2.5-3,Natanya,2021,3,North,154,1362.9
3.5-4,Natanya,2021,3,North,299,2203.4
4.5-5,Natanya,2021,3,North,268,2787.6
5.5-6,Natanya,2021,3,North,42,5356.5
1-2,Natanya,2021,4,North,39,1074
2.5-3,Natanya,2021,4,North,206,1376
3.5-4,Natanya,2021,4,North,350,2053.8
4.5-5,Natanya,2021,4,North,312,2780.7
5.5-6,Natanya,2021,4,North,16,3322
1-2,Natanya,2022,1,North,29,997.7
2.5-3,Natanya,2022,1,North,222,1449
3.5-4,Natanya,2022,1,North,339,2204.3
4.5-5,Natanya,2022,1,North,375,2866.8
5.5-6,Natanya,2022,1,North,33,3450.5
1-2,Natanya,2022,2,North,37,1087.3
2.5-3,Natanya,2022,2,North,303,1581.2
3.5-4,Natanya,2022,2,North,358,2240.4
4.5-5,Natanya,2022,2,North,257,2990.7
5.5-6,Natanya,2022,2,North,72,2814.1
1-2,Natanya,2022,3,North,35,1087.3
2.5-3,Natanya,2022,3,North,193,1620.1
3.5-4,Natanya,2022,3,North,322,2219.3
4.5-5,Natanya,2022,3,North,208,3324.1
5.5-6,Natanya,2022,3,North,24,3422.6
1-2,Natanya,2022,4,North,24,1294.4
2.5-3,Natanya,2022,4,North,112,1704
3.5-4,Natanya,2022,4,North,209,2513.8
4.5-5,Natanya,2022,4,North,214,3298.9
5.5-6,Natanya,2022,4,North,6,4451.4
1-2,Natanya,2023,1,North,17,1346.3
2.5-3,Natanya,2023,1,North,109,1914.3
3.5-4,Natanya,2023,1,North,186,2483.4
4.5-5,Natanya,2023,1,North,168,3269.4
5.5-6,Natanya,2023,1,North,19,3873.7
1-2,Natanya,2023,2,North,18,1208.3
2.5-3,Natanya,2023,2,North,104,1790
3.5-4,Natanya,2023,2,North,190,2390.3
4.5-5,Natanya,2023,2,North,149,3257
5.5-6,Natanya,2023,2,North,9,3963.4
1-2,Natanya,2023,3,North,15,1111.3
2.5-3,Natanya,2023,3,North,110,1787.2
3.5-4,Natanya,2023,3,North,149,2374.7
4.5-5,Natanya,2023,3,North,175,3203.2
5.5-6,Natanya,2023,3,North,10,4562.1
1-2,Natanya,2023,4,North,11,997.5
2.5-3,Natanya,2023,4,North,76,1891
3.5-4,Natanya,2023,4,North,104,2468.7
4.5-5,Natanya,2023,4,North,105,3448.7
5.5-6,Natanya,2023,4,North,20,4088.9
1-2,Petah Tikva,2019,1,Center,27,924.3
2.5-3,Petah Tikva,2019,1,Center,206,1291.9
3.5-4,Petah Tikva,2019,1,Center,267,1640.4
4.5-5,Petah Tikva,2019,1,Center,161,2204.4
5.5-6,Petah Tikva,2019,1,Center,78,2709.6
1-2,Petah Tikva,2019,2,Center,25,1015.9
2.5-3,Petah Tikva,2019,2,Center,174,1266.4
3.5-4,Petah Tikva,2019,2,Center,279,1755.2
4.5-5,Petah Tikva,2019,2,Center,169,2227.7
5.5-6,Petah Tikva,2019,2,Center,65,2701.7
1-2,Petah Tikva,2019,3,Center,30,996.5
2.5-3,Petah Tikva,2019,3,Center,191,1266.8
3.5-4,Petah Tikva,2019,3,Center,270,1741.2
4.5-5,Petah Tikva,2019,3,Center,143,2141.7
5.5-6,Petah Tikva,2019,3,Center,71,2674.9
1-2,Petah Tikva,2019,4,Center,31,987.3
2.5-3,Petah Tikva,2019,4,Center,168,1295.2
3.5-4,Petah Tikva,2019,4,Center,244,1728.7
4.5-5,Petah Tikva,2019,4,Center,137,2293.3
5.5-6,Petah Tikva,2019,4,Center,69,2688.1
1-2,Petah Tikva,2020,1,Center,32,1086.5
2.5-3,Petah Tikva,2020,1,Center,189,1288.3
3.5-4,Petah Tikva,2020,1,Center,258,1752.2
4.5-5,Petah Tikva,2020,1,Center,158,2194.1
5.5-6,Petah Tikva,2020,1,Center,41,2766.7
1-2,Petah Tikva,2020,2,Center,16,1061.6
2.5-3,Petah Tikva,2020,2,Center,120,1304.3
3.5-4,Petah Tikva,2020,2,Center,168,1776.2
4.5-5,Petah Tikva,2020,2,Center,97,2298.3
5.5-6,Petah Tikva,2020,2,Center,45,2793.6
1-2,Petah Tikva,2020,3,Center,31,1005.2
2.5-3,Petah Tikva,2020,3,Center,154,1369.7
3.5-4,Petah Tikva,2020,3,Center,219,1711.9
4.5-5,Petah Tikva,2020,3,Center,105,2193.9
5.5-6,Petah Tikva,2020,3,Center,49,2808
1-2,Petah Tikva,2020,4,Center,34,1021.9
2.5-3,Petah Tikva,2020,4,Center,185,1363.9
3.5-4,Petah Tikva,2020,4,Center,273,1769.8
4.5-5,Petah Tikva,2020,4,Center,157,2330.2
5.5-6,Petah Tikva,2020,4,Center,56,2837.7
1-2,Petah Tikva,2021,1,Center,48,1119.5
2.5-3,Petah Tikva,2021,1,Center,280,1371
3.5-4,Petah Tikva,2021,1,Center,288,1804.4
4.5-5,Petah Tikva,2021,1,Center,194,2363.3
5.5-6,Petah Tikva,2021,1,Center,75,2984
1-2,Petah Tikva,2021,2,Center,56,1122.2
2.5-3,Petah Tikva,2021,2,Center,294,1322.6
3.5-4,Petah Tikva,2021,2,Center,297,1817
4.5-5,Petah Tikva,2021,2,Center,155,2351.7
5.5-6,Petah Tikva,2021,2,Center,68,2936.5
1-2,Petah Tikva,2021,3,Center,42,1129.3
2.5-3,Petah Tikva,2021,3,Center,243,1411.8
3.5-4,Petah Tikva,2021,3,Center,248,1805.8
4.5-5,Petah Tikva,2021,3,Center,115,2452.3
5.5-6,Petah Tikva,2021,3,Center,46,3070.4
1-2,Petah Tikva,2021,4,Center,49,1215.2
2.5-3,Petah Tikva,2021,4,Center,294,1450.5
3.5-4,Petah Tikva,2021,4,Center,307,1878.3
4.5-5,Petah Tikva,2021,4,Center,167,2461.8
5.5-6,Petah Tikva,2021,4,Center,44,3252.5
1-2,Petah Tikva,2022,1,Center,35,1154.3
2.5-3,Petah Tikva,2022,1,Center,243,1584.4
3.5-4,Petah Tikva,2022,1,Center,307,2112
4.5-5,Petah Tikva,2022,1,Center,147,2707.6
5.5-6,Petah Tikva,2022,1,Center,42,3348.9
1-2,Petah Tikva,2022,2,Center,32,1188.1
2.5-3,Petah Tikva,2022,2,Center,172,1639.4
3.5-4,Petah Tikva,2022,2,Center,271,2257.2
4.5-5,Petah Tikva,2022,2,Center,150,2731.1
5.5-6,Petah Tikva,2022,2,Center,44,3709.9
1-2,Petah Tikva,2022,3,Center,27,1222.5
2.5-3,Petah Tikva,2022,3,Center,144,1644.1
3.5-4,Petah Tikva,2022,3,Center,181,2361
4.5-5,Petah Tikva,2022,3,Center,84,2992.7
5.5-6,Petah Tikva,2022,3,Center,26,3686.7
1-2,Petah Tikva,2022,4,Center,15,1148.1
2.5-3,Petah Tikva,2022,4,Center,150,1813.5
3.5-4,Petah Tikva,2022,4,Center,195,2392.7
4.5-5,Petah Tikva,2022,4,Center,88,2950.9
5.5-6,Petah Tikva,2022,4,Center,22,3882.3
1-2,Petah Tikva,2023,1,Center,17,1285.7
2.5-3,Petah Tikva,2023,1,Center,154,1831.5
3.5-4,Petah Tikva,2023,1,Center,183,2367.6
4.5-5,Petah Tikva,2023,1,Center,137,2947.1
5.5-6,Petah Tikva,2023,1,Center,38,3937.2
1-2,Petah Tikva,2023,2,Center,21,1300.8
2.5-3,Petah Tikva,2023,2,Center,133,1895.9
3.5-4,Petah Tikva,2023,2,Center,142,2371.4
4.5-5,Petah Tikva,2023,2,Center,87,2990.3
5.5-6,Petah Tikva,2023,2,Center,33,3945.1
1-2,Petah Tikva,2023,3,Center,19,1452.5
2.5-3,Petah Tikva,2023,3,Center,161,1806.8
3.5-4,Petah Tikva,2023,3,Center,176,2310.7
4.5-5,Petah Tikva,2023,3,Center,125,3105.4
5.5-6,Petah Tikva,2023,3,Center,33,3666.7
1-2,Petah Tikva,2023,4,Center,22,1206
2.5-3,Petah Tikva,2023,4,Center,98,1920.3
3.5-4,Petah Tikva,2023,4,Center,108,2406.9
4.5-5,Petah Tikva,2023,4,Center,91,3086.7
5.5-6,Petah Tikva,2023,4,Center,32,3959.8
1-2,Rehovot,2019,1,Center,9,991.1
2.5-3,Rehovot,2019,1,Center,93,1321.2
3.5-4,Rehovot,2019,1,Center,129,1688
4.5-5,Rehovot,2019,1,Center,107,2140.8
5.5-6,Rehovot,2019,1,Center,11,2860.3
1-2,Rehovot,2019,2,Center,11,877
2.5-3,Rehovot,2019,2,Center,93,1304.2
3.5-4,Rehovot,2019,2,Center,139,1672.8
4.5-5,Rehovot,2019,2,Center,119,2149.3
5.5-6,Rehovot,2019,2,Center,19,2506.7
1-2,Rehovot,2019,3,Center,8,1071.3
2.5-3,Rehovot,2019,3,Center,85,1295.4
3.5-4,Rehovot,2019,3,Center,162,1702.5
4.5-5,Rehovot,2019,3,Center,119,2064.7
5.5-6,Rehovot,2019,3,Center,12,2663.8
1-2,Rehovot,2019,4,Center,7,927.9
2.5-3,Rehovot,2019,4,Center,98,1367.3
3.5-4,Rehovot,2019,4,Center,138,1705.6
4.5-5,Rehovot,2019,4,Center,92,2067.8
5.5-6,Rehovot,2019,4,Center,15,2323.9
1-2,Rehovot,2020,1,Center,7,1227.1
2.5-3,Rehovot,2020,1,Center,94,1393.4
3.5-4,Rehovot,2020,1,Center,138,1702.3
4.5-5,Rehovot,2020,1,Center,107,2177.5
5.5-6,Rehovot,2020,1,Center,17,2642
1-2,Rehovot,2020,2,Center,0,-
2.5-3,Rehovot,2020,2,Center,67,1390.1
3.5-4,Rehovot,2020,2,Center,93,1760.3
4.5-5,Rehovot,2020,2,Center,62,2162
5.5-6,Rehovot,2020,2,Center,17,2725
1-2,Rehovot,2020,3,Center,12,1063.8
2.5-3,Rehovot,2020,3,Center,66,1420.4
3.5-4,Rehovot,2020,3,Center,136,1759.4
4.5-5,Rehovot,2020,3,Center,111,2177.7
5.5-6,Rehovot,2020,3,Center,21,3048.5
1-2,Rehovot,2020,4,Center,3,-
2.5-3,Rehovot,2020,4,Center,73,1400.6
3.5-4,Rehovot,2020,4,Center,121,1788.2
4.5-5,Rehovot,2020,4,Center,89,2317.6
5.5-6,Rehovot,2020,4,Center,17,2929.7
1-2,Rehovot,2021,1,Center,6,1007.5
2.5-3,Rehovot,2021,1,Center,111,1411.1
3.5-4,Rehovot,2021,1,Center,168,1799.9
4.5-5,Rehovot,2021,1,Center,124,2196.1
5.5-6,Rehovot,2021,1,Center,19,3241.8
1-2,Rehovot,2021,2,Center,5,-
2.5-3,Rehovot,2021,2,Center,130,1372
3.5-4,Rehovot,2021,2,Center,172,1880.3
4.5-5,Rehovot,2021,2,Center,119,2398.7
5.5-6,Rehovot,2021,2,Center,14,3265.4
1-2,Rehovot,2021,3,Center,6,1011.7
2.5-3,Rehovot,2021,3,Center,113,1436.9
3.5-4,Rehovot,2021,3,Center,149,1909.6
4.5-5,Rehovot,2021,3,Center,99,2437.2
5.5-6,Rehovot,2021,3,Center,21,3396.9
1-2,Rehovot,2021,4,Center,12,1133.1
2.5-3,Rehovot,2021,4,Center,138,1532
3.5-4,Rehovot,2021,4,Center,190,1952.7
4.5-5,Rehovot,2021,4,Center,142,2533.8
5.5-6,Rehovot,2021,4,Center,22,3277.6
1-2,Rehovot,2022,1,Center,13,1115.8
2.5-3,Rehovot,2022,1,Center,132,1612.7
3.5-4,Rehovot,2022,1,Center,186,2126.8
4.5-5,Rehovot,2022,1,Center,120,2649
5.5-6,Rehovot,2022,1,Center,15,3616
1-2,Rehovot,2022,2,Center,10,1217.7
2.5-3,Rehovot,2022,2,Center,94,1736.6
3.5-4,Rehovot,2022,2,Center,135,2213.8
4.5-5,Rehovot,2022,2,Center,105,2813.7
5.5-6,Rehovot,2022,2,Center,10,3616
1-2,Rehovot,2022,3,Center,2,-
2.5-3,Rehovot,2022,3,Center,73,1737.5
3.5-4,Rehovot,2022,3,Center,109,2267.3
4.5-5,Rehovot,2022,3,Center,76,2949.3
5.5-6,Rehovot,2022,3,Center,9,3384.6
1-2,Rehovot,2022,4,Center,8,1265
2.5-3,Rehovot,2022,4,Center,64,1778
3.5-4,Rehovot,2022,4,Center,71,2223.9
4.5-5,Rehovot,2022,4,Center,61,3155.4
5.5-6,Rehovot,2022,4,Center,6,3550
1-2,Rehovot,2023,1,Center,5,-
2.5-3,Rehovot,2023,1,Center,64,1865.8
3.5-4,Rehovot,2023,1,Center,84,2357.7
4.5-5,Rehovot,2023,1,Center,70,3025.8
5.5-6,Rehovot,2023,1,Center,15,4316.2
1-2,Rehovot,2023,2,Center,3,-
2.5-3,Rehovot,2023,2,Center,49,1733.3
3.5-4,Rehovot,2023,2,Center,73,2407
4.5-5,Rehovot,2023,2,Center,49,3084.6
5.5-6,Rehovot,2023,2,Center,2,-
1-2,Rehovot,2023,3,Center,5,-
2.5-3,Rehovot,2023,3,Center,61,1853.9
3.5-4,Rehovot,2023,3,Center,87,2325.9
4.5-5,Rehovot,2023,3,Center,46,3034.1
5.5-6,Rehovot,2023,3,Center,7,3621.1
1-2,Rehovot,2023,4,Center,6,895.8
2.5-3,Rehovot,2023,4,Center,63,1864.8
3.5-4,Rehovot,2023,4,Center,84,2363.5
4.5-5,Rehovot,2023,4,Center,35,3173
5.5-6,Rehovot,2023,4,Center,9,3799.2
1-2,Rishon LeTsiyon,2019,1,Center,17,977
2.5-3,Rishon LeTsiyon,2019,1,Center,201,1332.4
3.5-4,Rishon LeTsiyon,2019,1,Center,266,1730.7
4.5-5,Rishon LeTsiyon,2019,1,Center,189,2157.3
5.5-6,Rishon LeTsiyon,2019,1,Center,24,2999.4
1-2,Rishon LeTsiyon,2019,2,Center,24,1030.1
2.5-3,Rishon LeTsiyon,2019,2,Center,285,1197.1
3.5-4,Rishon LeTsiyon,2019,2,Center,229,1763.6
4.5-5,Rishon LeTsiyon,2019,2,Center,258,1997.3
5.5-6,Rishon LeTsiyon,2019,2,Center,22,2942
1-2,Rishon LeTsiyon,2019,3,Center,24,1069
2.5-3,Rishon LeTsiyon,2019,3,Center,338,1207.3
3.5-4,Rishon LeTsiyon,2019,3,Center,249,1723
4.5-5,Rishon LeTsiyon,2019,3,Center,406,1899.5
5.5-6,Rishon LeTsiyon,2019,3,Center,30,2953.9
1-2,Rishon LeTsiyon,2019,4,Center,4,-
2.5-3,Rishon LeTsiyon,2019,4,Center,209,1281.9
3.5-4,Rishon LeTsiyon,2019,4,Center,235,1754.8
4.5-5,Rishon LeTsiyon,2019,4,Center,256,2096.4
5.5-6,Rishon LeTsiyon,2019,4,Center,38,2603.8
1-2,Rishon LeTsiyon,2020,1,Center,16,977.9
2.5-3,Rishon LeTsiyon,2020,1,Center,173,1326.8
3.5-4,Rishon LeTsiyon,2020,1,Center,232,1789.6
4.5-5,Rishon LeTsiyon,2020,1,Center,200,2324.4
5.5-6,Rishon LeTsiyon,2020,1,Center,44,2236.6
1-2,Rishon LeTsiyon,2020,2,Center,7,1173.6
2.5-3,Rishon LeTsiyon,2020,2,Center,170,1271.1
3.5-4,Rishon LeTsiyon,2020,2,Center,209,1714.3
4.5-5,Rishon LeTsiyon,2020,2,Center,157,2077.5
5.5-6,Rishon LeTsiyon,2020,2,Center,37,2318
1-2,Rishon LeTsiyon,2020,3,Center,13,1104
2.5-3,Rishon LeTsiyon,2020,3,Center,207,1370.5
3.5-4,Rishon LeTsiyon,2020,3,Center,239,1827.2
4.5-5,Rishon LeTsiyon,2020,3,Center,196,2314.6
5.5-6,Rishon LeTsiyon,2020,3,Center,70,2406
1-2,Rishon LeTsiyon,2020,4,Center,17,1165.7
2.5-3,Rishon LeTsiyon,2020,4,Center,143,1509.7
3.5-4,Rishon LeTsiyon,2020,4,Center,163,1895.9
4.5-5,Rishon LeTsiyon,2020,4,Center,125,2608.1
5.5-6,Rishon LeTsiyon,2020,4,Center,48,2583.5
1-2,Rishon LeTsiyon,2021,1,Center,20,1077.9
2.5-3,Rishon LeTsiyon,2021,1,Center,186,1509.6
3.5-4,Rishon LeTsiyon,2021,1,Center,246,1930.5
4.5-5,Rishon LeTsiyon,2021,1,Center,168,2654.2
5.5-6,Rishon LeTsiyon,2021,1,Center,53,2846.7
1-2,Rishon LeTsiyon,2021,2,Center,19,1273.3
2.5-3,Rishon LeTsiyon,2021,2,Center,244,1513.7
3.5-4,Rishon LeTsiyon,2021,2,Center,256,1945.3
4.5-5,Rishon LeTsiyon,2021,2,Center,135,2665.1
5.5-6,Rishon LeTsiyon,2021,2,Center,45,3027.1
1-2,Rishon LeTsiyon,2021,3,Center,13,1431
2.5-3,Rishon LeTsiyon,2021,3,Center,184,1581.1
3.5-4,Rishon LeTsiyon,2021,3,Center,215,1977.6
4.5-5,Rishon LeTsiyon,2021,3,Center,118,2675.2
5.5-6,Rishon LeTsiyon,2021,3,Center,49,2848.8
1-2,Rishon LeTsiyon,2021,4,Center,17,1129.5
2.5-3,Rishon LeTsiyon,2021,4,Center,273,1494.5
3.5-4,Rishon LeTsiyon,2021,4,Center,300,2083.9
4.5-5,Rishon LeTsiyon,2021,4,Center,196,2864.4
5.5-6,Rishon LeTsiyon,2021,4,Center,119,2441.7
1-2,Rishon LeTsiyon,2022,1,Center,19,1074
2.5-3,Rishon LeTsiyon,2022,1,Center,263,1487.7
3.5-4,Rishon LeTsiyon,2022,1,Center,291,2081.8
4.5-5,Rishon LeTsiyon,2022,1,Center,276,2484.1
5.5-6,Rishon LeTsiyon,2022,1,Center,131,2559
1-2,Rishon LeTsiyon,2022,2,Center,21,1530
2.5-3,Rishon LeTsiyon,2022,2,Center,211,1633.9
3.5-4,Rishon LeTsiyon,2022,2,Center,234,2262.4
4.5-5,Rishon LeTsiyon,2022,2,Center,218,2451.7
5.5-6,Rishon LeTsiyon,2022,2,Center,65,2506
1-2,Rishon LeTsiyon,2022,3,Center,14,1610.4
2.5-3,Rishon LeTsiyon,2022,3,Center,140,1770.5
3.5-4,Rishon LeTsiyon,2022,3,Center,194,2171
4.5-5,Rishon LeTsiyon,2022,3,Center,145,3019.1
5.5-6,Rishon LeTsiyon,2022,3,Center,21,3011.7
1-2,Rishon LeTsiyon,2022,4,Center,6,1295.3
2.5-3,Rishon LeTsiyon,2022,4,Center,93,1907.1
3.5-4,Rishon LeTsiyon,2022,4,Center,113,2417.4
4.5-5,Rishon LeTsiyon,2022,4,Center,106,3308.6
5.5-6,Rishon LeTsiyon,2022,4,Center,25,4251
1-2,Rishon LeTsiyon,2023,1,Center,12,1515
2.5-3,Rishon LeTsiyon,2023,1,Center,97,1868.3
3.5-4,Rishon LeTsiyon,2023,1,Center,110,2348.9
4.5-5,Rishon LeTsiyon,2023,1,Center,62,3187.3
5.5-6,Rishon LeTsiyon,2023,1,Center,16,3955.1
1-2,Rishon LeTsiyon,2023,2,Center,9,1288.2
2.5-3,Rishon LeTsiyon,2023,2,Center,76,1859.4
3.5-4,Rishon LeTsiyon,2023,2,Center,101,2326.2
4.5-5,Rishon LeTsiyon,2023,2,Center,66,3364
5.5-6,Rishon LeTsiyon,2023,2,Center,15,4159.5
1-2,Rishon LeTsiyon,2023,3,Center,9,1373.7
2.5-3,Rishon LeTsiyon,2023,3,Center,99,1817.2
3.5-4,Rishon LeTsiyon,2023,3,Center,121,2285.7
4.5-5,Rishon LeTsiyon,2023,3,Center,52,3116.6
5.5-6,Rishon LeTsiyon,2023,3,Center,8,3669
1-2,Rishon LeTsiyon,2023,4,Center,9,1513.3
2.5-3,Rishon LeTsiyon,2023,4,Center,53,1856.1
3.5-4,Rishon LeTsiyon,2023,4,Center,73,2311.2
4.5-5,Rishon LeTsiyon,2023,4,Center,30,3180.2
5.5-6,Rishon LeTsiyon,2023,4,Center,7,4185.7
1-2,Ramat Gan,2019,1,Center,77,1423.1
2.5-3,Ramat Gan,2019,1,Center,162,1705.4
3.5-4,Ramat Gan,2019,1,Center,144,2194.7
4.5-5,Ramat Gan,2019,1,Center,72,2532.5
5.5-6,Ramat Gan,2019,1,Center,8,3716.1
1-2,Ramat Gan,2019,2,Center,84,1417.4
2.5-3,Ramat Gan,2019,2,Center,154,1753.1
3.5-4,Ramat Gan,2019,2,Center,161,2286.2
4.5-5,Ramat Gan,2019,2,Center,85,2748.3
5.5-6,Ramat Gan,2019,2,Center,8,3080.9
1-2,Ramat Gan,2019,3,Center,73,1393.5
2.5-3,Ramat Gan,2019,3,Center,181,1812.2
3.5-4,Ramat Gan,2019,3,Center,172,2314.6
4.5-5,Ramat Gan,2019,3,Center,97,2938.5
5.5-6,Ramat Gan,2019,3,Center,7,3393.6
1-2,Ramat Gan,2019,4,Center,72,1341.8
2.5-3,Ramat Gan,2019,4,Center,241,1594.6
3.5-4,Ramat Gan,2019,4,Center,192,2251
4.5-5,Ramat Gan,2019,4,Center,248,2355.5
5.5-6,Ramat Gan,2019,4,Center,5,-
1-2,Ramat Gan,2020,1,Center,80,1465.8
2.5-3,Ramat Gan,2020,1,Center,184,1814.3
3.5-4,Ramat Gan,2020,1,Center,219,2352
4.5-5,Ramat Gan,2020,1,Center,91,2810
5.5-6,Ramat Gan,2020,1,Center,12,3146.9
1-2,Ramat Gan,2020,2,Center,44,1458.6
2.5-3,Ramat Gan,2020,2,Center,113,1839
3.5-4,Ramat Gan,2020,2,Center,129,2346.6
4.5-5,Ramat Gan,2020,2,Center,62,2904.2
5.5-6,Ramat Gan,2020,2,Center,3,-
1-2,Ramat Gan,2020,3,Center,49,1214.6
2.5-3,Ramat Gan,2020,3,Center,160,1798
3.5-4,Ramat Gan,2020,3,Center,169,2342.2
4.5-5,Ramat Gan,2020,3,Center,64,2867.8
5.5-6,Ramat Gan,2020,3,Center,6,3560
1-2,Ramat Gan,2020,4,Center,73,1448.5
2.5-3,Ramat Gan,2020,4,Center,257,2131
3.5-4,Ramat Gan,2020,4,Center,209,2688.8
4.5-5,Ramat Gan,2020,4,Center,86,3182.5
5.5-6,Ramat Gan,2020,4,Center,8,3635.6
1-2,Ramat Gan,2021,1,Center,87,1438
2.5-3,Ramat Gan,2021,1,Center,221,2018.7
3.5-4,Ramat Gan,2021,1,Center,231,2512.3
4.5-5,Ramat Gan,2021,1,Center,87,3010.7
5.5-6,Ramat Gan,2021,1,Center,12,3496.7
1-2,Ramat Gan,2021,2,Center,77,1564.8
2.5-3,Ramat Gan,2021,2,Center,236,1974.5
3.5-4,Ramat Gan,2021,2,Center,207,2405.7
4.5-5,Ramat Gan,2021,2,Center,101,3064.3
5.5-6,Ramat Gan,2021,2,Center,9,4342.8
1-2,Ramat Gan,2021,3,Center,82,1505.8
2.5-3,Ramat Gan,2021,3,Center,179,2106.7
3.5-4,Ramat Gan,2021,3,Center,214,2563.5
4.5-5,Ramat Gan,2021,3,Center,89,3680.6
5.5-6,Ramat Gan,2021,3,Center,4,-
1-2,Ramat Gan,2021,4,Center,116,1614
2.5-3,Ramat Gan,2021,4,Center,267,2192.5
3.5-4,Ramat Gan,2021,4,Center,248,2769.6
4.5-5,Ramat Gan,2021,4,Center,103,3508.1
5.5-6,Ramat Gan,2021,4,Center,2,-
1-2,Ramat Gan,2022,1,Center,80,1711.1
2.5-3,Ramat Gan,2022,1,Center,244,2075.6
3.5-4,Ramat Gan,2022,1,Center,217,2794
4.5-5,Ramat Gan,2022,1,Center,187,3204.9
5.5-6,Ramat Gan,2022,1,Center,62,2811.1
1-2,Ramat Gan,2022,2,Center,82,1727
2.5-3,Ramat Gan,2022,2,Center,196,2067.5
3.5-4,Ramat Gan,2022,2,Center,268,2911
4.5-5,Ramat Gan,2022,2,Center,157,3081.6
5.5-6,Ramat Gan,2022,2,Center,43,2936.3
1-2,Ramat Gan,2022,3,Center,87,1911
2.5-3,Ramat Gan,2022,3,Center,139,2302.1
3.5-4,Ramat Gan,2022,3,Center,139,3091.7
4.5-5,Ramat Gan,2022,3,Center,71,4119
5.5-6,Ramat Gan,2022,3,Center,7,2720.7
1-2,Ramat Gan,2022,4,Center,58,2016.2
2.5-3,Ramat Gan,2022,4,Center,154,2324.1
3.5-4,Ramat Gan,2022,4,Center,118,2722.3
4.5-5,Ramat Gan,2022,4,Center,60,4340
5.5-6,Ramat Gan,2022,4,Center,3,-
1-2,Ramat Gan,2023,1,Center,56,1817.4
2.5-3,Ramat Gan,2023,1,Center,135,2490
3.5-4,Ramat Gan,2023,1,Center,165,3240.2
4.5-5,Ramat Gan,2023,1,Center,129,4074.3
5.5-6,Ramat Gan,2023,1,Center,12,6707.3
1-2,Ramat Gan,2023,2,Center,27,1558.1
2.5-3,Ramat Gan,2023,2,Center,105,2293.9
3.5-4,Ramat Gan,2023,2,Center,70,3091.9
4.5-5,Ramat Gan,2023,2,Center,42,3920.6
5.5-6,Ramat Gan,2023,2,Center,1,-
1-2,Ramat Gan,2023,3,Center,40,1873.4
2.5-3,Ramat Gan,2023,3,Center,138,2403.1
3.5-4,Ramat Gan,2023,3,Center,85,2942.3
4.5-5,Ramat Gan,2023,3,Center,79,4017.4
5.5-6,Ramat Gan,2023,3,Center,2,-
1-2,Ramat Gan,2023,4,Center,20,1755.7
2.5-3,Ramat Gan,2023,4,Center,72,2372.2
3.5-4,Ramat Gan,2023,4,Center,74,3062.6
4.5-5,Ramat Gan,2023,4,Center,59,3908
5.5-6,Ramat Gan,2023,4,Center,0,-
1-2,Tel Aviv,2019,1,Tel Aviv,158,1943
2.5-3,Tel Aviv,2019,1,Tel Aviv,339,2422
3.5-4,Tel Aviv,2019,1,Tel Aviv,222,3315.2
4.5-5,Tel Aviv,2019,1,Tel Aviv,115,4357.1
5.5-6,Tel Aviv,2019,1,Tel Aviv,13,5034.4
1-2,Tel Aviv,2019,2,Tel Aviv,190,1787.8
2.5-3,Tel Aviv,2019,2,Tel Aviv,376,2485.9
3.5-4,Tel Aviv,2019,2,Tel Aviv,247,3469.8
4.5-5,Tel Aviv,2019,2,Tel Aviv,106,4498
5.5-6,Tel Aviv,2019,2,Tel Aviv,12,7237.2
1-2,Tel Aviv,2019,3,Tel Aviv,190,1896.5
2.5-3,Tel Aviv,2019,3,Tel Aviv,381,2513.8
3.5-4,Tel Aviv,2019,3,Tel Aviv,264,3198
4.5-5,Tel Aviv,2019,3,Tel Aviv,104,4127.9
5.5-6,Tel Aviv,2019,3,Tel Aviv,10,6318.8
1-2,Tel Aviv,2019,4,Tel Aviv,157,2005
2.5-3,Tel Aviv,2019,4,Tel Aviv,422,2640.7
3.5-4,Tel Aviv,2019,4,Tel Aviv,220,3144.4
4.5-5,Tel Aviv,2019,4,Tel Aviv,82,4667.9
5.5-6,Tel Aviv,2019,4,Tel Aviv,15,6226.9
1-2,Tel Aviv,2020,1,Tel Aviv,203,2078.9
2.5-3,Tel Aviv,2020,1,Tel Aviv,481,2678.4
3.5-4,Tel Aviv,2020,1,Tel Aviv,320,3389.1
4.5-5,Tel Aviv,2020,1,Tel Aviv,110,4697.4
5.5-6,Tel Aviv,2020,1,Tel Aviv,10,5358
1-2,Tel Aviv,2020,2,Tel Aviv,87,2035.7
2.5-3,Tel Aviv,2020,2,Tel Aviv,188,2588
3.5-4,Tel Aviv,2020,2,Tel Aviv,126,3298.8
4.5-5,Tel Aviv,2020,2,Tel Aviv,44,4017.6
5.5-6,Tel Aviv,2020,2,Tel Aviv,1,-
1-2,Tel Aviv,2020,3,Tel Aviv,128,2140
2.5-3,Tel Aviv,2020,3,Tel Aviv,311,2632.2
3.5-4,Tel Aviv,2020,3,Tel Aviv,200,3676
4.5-5,Tel Aviv,2020,3,Tel Aviv,98,4977.6
5.5-6,Tel Aviv,2020,3,Tel Aviv,12,6995.8
1-2,Tel Aviv,2020,4,Tel Aviv,117,2101.2
2.5-3,Tel Aviv,2020,4,Tel Aviv,268,2676.3
3.5-4,Tel Aviv,2020,4,Tel Aviv,169,3660.2
4.5-5,Tel Aviv,2020,4,Tel Aviv,62,4960.9
5.5-6,Tel Aviv,2020,4,Tel Aviv,6,7228.7
1-2,Tel Aviv,2021,1,Tel Aviv,211,2165.8
2.5-3,Tel Aviv,2021,1,Tel Aviv,415,2848.7
3.5-4,Tel Aviv,2021,1,Tel Aviv,331,3741.9
4.5-5,Tel Aviv,2021,1,Tel Aviv,168,4725.4
5.5-6,Tel Aviv,2021,1,Tel Aviv,7,6741.6
1-2,Tel Aviv,2021,2,Tel Aviv,188,2388
2.5-3,Tel Aviv,2021,2,Tel Aviv,295,2999.2
3.5-4,Tel Aviv,2021,2,Tel Aviv,222,4120.4
4.5-5,Tel Aviv,2021,2,Tel Aviv,98,4878.2
5.5-6,Tel Aviv,2021,2,Tel Aviv,6,6196.8
1-2,Tel Aviv,2021,3,Tel Aviv,134,2415.6
2.5-3,Tel Aviv,2021,3,Tel Aviv,291,2991.4
3.5-4,Tel Aviv,2021,3,Tel Aviv,236,3940.8
4.5-5,Tel Aviv,2021,3,Tel Aviv,97,5132.3
5.5-6,Tel Aviv,2021,3,Tel Aviv,4,-
1-2,Tel Aviv,2021,4,Tel Aviv,155,2519.2
2.5-3,Tel Aviv,2021,4,Tel Aviv,309,3356.7
3.5-4,Tel Aviv,2021,4,Tel Aviv,223,4376.7
4.5-5,Tel Aviv,2021,4,Tel Aviv,88,5526.5
5.5-6,Tel Aviv,2021,4,Tel Aviv,11,5478.8
1-2,Tel Aviv,2022,1,Tel Aviv,120,2660.2
2.5-3,Tel Aviv,2022,1,Tel Aviv,251,3381
3.5-4,Tel Aviv,2022,1,Tel Aviv,213,4544.8
4.5-5,Tel Aviv,2022,1,Tel Aviv,71,5521.2
5.5-6,Tel Aviv,2022,1,Tel Aviv,7,7272.3
1-2,Tel Aviv,2022,2,Tel Aviv,143,2923.3
2.5-3,Tel Aviv,2022,2,Tel Aviv,187,3651.7
3.5-4,Tel Aviv,2022,2,Tel Aviv,192,4763.3
4.5-5,Tel Aviv,2022,2,Tel Aviv,71,5741.9
5.5-6,Tel Aviv,2022,2,Tel Aviv,1,-
1-2,Tel Aviv,2022,3,Tel Aviv,114,2883
2.5-3,Tel Aviv,2022,3,Tel Aviv,202,3745.5
3.5-4,Tel Aviv,2022,3,Tel Aviv,210,4541.4
4.5-5,Tel Aviv,2022,3,Tel Aviv,89,5254.3
5.5-6,Tel Aviv,2022,3,Tel Aviv,2,-
1-2,Tel Aviv,2022,4,Tel Aviv,134,2900.3
2.5-3,Tel Aviv,2022,4,Tel Aviv,190,3559.7
3.5-4,Tel Aviv,2022,4,Tel Aviv,157,4618.2
4.5-5,Tel Aviv,2022,4,Tel Aviv,63,6140.1
5.5-6,Tel Aviv,2022,4,Tel Aviv,9,5633.9
1-2,Tel Aviv,2023,1,Tel Aviv,124,2821.5
2.5-3,Tel Aviv,2023,1,Tel Aviv,195,3585.3
3.5-4,Tel Aviv,2023,1,Tel Aviv,139,4850.1
4.5-5,Tel Aviv,2023,1,Tel Aviv,73,6414.1
5.5-6,Tel Aviv,2023,1,Tel Aviv,3,-
1-2,Tel Aviv,2023,2,Tel Aviv,114,2621.5
2.5-3,Tel Aviv,2023,2,Tel Aviv,211,3622.4
3.5-4,Tel Aviv,2023,2,Tel Aviv,145,5142.8
4.5-5,Tel Aviv,2023,2,Tel Aviv,66,6719.1
5.5-6,Tel Aviv,2023,2,Tel Aviv,5,-
1-2,Tel Aviv,2023,3,Tel Aviv,168,2882.5
2.5-3,Tel Aviv,2023,3,Tel Aviv,270,3659.5
3.5-4,Tel Aviv,2023,3,Tel Aviv,165,4869.2
4.5-5,Tel Aviv,2023,3,Tel Aviv,62,6360
5.5-6,Tel Aviv,2023,3,Tel Aviv,10,8150.5
1-2,Tel Aviv,2023,4,Tel Aviv,93,2613
2.5-3,Tel Aviv,2023,4,Tel Aviv,135,3747.1
3.5-4,Tel Aviv,2023,4,Tel Aviv,113,4430.6
4.5-5,Tel Aviv,2023,4,Tel Aviv,24,6717.9
5.5-6,Tel Aviv,2023,4,Tel Aviv,5,-
